,name,url,ram,rom,price,createdDate,color,status,url_img,store
0,IPHONE X,https://www.viettablet.com/iphone-x-cu-like-new-99,3,64,4690000,2023-01-10 23:22:49.931848,BLACK,1,unknown,viettablet
1,IPHONE X,https://www.viettablet.com/iphone-x-cu-like-new-99,3,64,4990000,2023-01-10 23:22:49.931848,WHITE,1,unknown,viettablet
2,IPHONE 12,https://www.viettablet.com/iphone-12-64gb-chinh-hang-vn-active-online,4,128,11990000,2023-01-10 23:22:49.931848,GREEN,1,unknown,viettablet
3,IPHONE 12,https://www.viettablet.com/iphone-12-64gb-chinh-hang-vn-active-online,4,128,12490000,2023-01-10 23:22:49.931848,BLACK,1,unknown,viettablet
4,IPHONE 12,https://www.viettablet.com/iphone-12-64gb-chinh-hang-vn-active-online,4,128,12590000,2023-01-10 23:22:49.931848,RED,1,unknown,viettablet
5,IPHONE 12,https://www.viettablet.com/iphone-12-64gb-chinh-hang-vn-active-online,4,128,12890000,2023-01-10 23:22:49.931848,WHITE,1,unknown,viettablet
6,IPHONE 12,https://www.viettablet.com/iphone-12-64gb-chinh-hang-vn-active-online,4,128,13090000,2023-01-10 23:22:49.931848,PURPLE,1,unknown,viettablet
7,IPHONE 12,https://www.viettablet.com/iphone-12-64gb-chinh-hang-vn-active-online,4,128,13590000,2023-01-10 23:22:49.931848,BLUE,1,unknown,viettablet
8,IPHONE 12,https://www.viettablet.com/iphone-12-128gb-moi-100-fullbox-active-online,4,128,16190000,2023-01-10 23:22:49.931848,Tím LLA,1,unknown,viettablet
9,IPHONE 12,https://www.viettablet.com/iphone-12-128gb-moi-100-fullbox-active-online,4,128,16390000,2023-01-10 23:22:49.931848,Đen LLA,1,unknown,viettablet
10,IPHONE 12,https://www.viettablet.com/iphone-12-128gb-moi-100-fullbox-active-online,4,128,16990000,2023-01-10 23:22:49.931848,Xanh Dương LLA,1,unknown,viettablet
11,IPHONE 12,https://www.viettablet.com/iphone-12-128gb-moi-100-fullbox-active-online,4,128,17090000,2023-01-10 23:22:49.931848,Xanh Lá LLA,1,unknown,viettablet
12,IPHONE 12,https://www.viettablet.com/iphone-12-128gb-moi-100-fullbox-active-online,4,128,17090000,2023-01-10 23:22:49.931848,Đỏ LLA,1,unknown,viettablet
13,IPHONE 12,https://www.viettablet.com/iphone-12-128gb-moi-100-fullbox-active-online,4,128,17190000,2023-01-10 23:22:49.931848,Trắng LLA,1,unknown,viettablet
14,IPHONE 12,https://www.viettablet.com/iphone-12-128gb-like-new-99,4,128,10590000,2023-01-10 23:22:49.931848,PURPLE,1,unknown,viettablet
15,IPHONE 12,https://www.viettablet.com/iphone-12-128gb-like-new-99,4,128,11390000,2023-01-10 23:22:49.931848,BLACK,1,unknown,viettablet
16,IPHONE 12,https://www.viettablet.com/iphone-12-128gb-like-new-99,4,128,11390000,2023-01-10 23:22:49.931848,RED,1,unknown,viettablet
17,IPHONE 12,https://www.viettablet.com/iphone-12-128gb-like-new-99,4,128,11390000,2023-01-10 23:22:49.931848,YELLOW,1,unknown,viettablet
18,IPHONE 12,https://www.viettablet.com/iphone-12-128gb-like-new-99,4,128,11390000,2023-01-10 23:22:49.931848,BLUE,1,unknown,viettablet
19,IPHONE 12,https://www.viettablet.com/iphone-12-128gb-like-new-99,4,128,11390000,2023-01-10 23:22:49.931848,WHITE,1,unknown,viettablet
20,IPHONE X,https://www.viettablet.com/iphone-x-256gb-like-new,3,256,4990000,2023-01-10 23:22:49.931848,BLACK,1,unknown,viettablet
21,IPHONE X,https://www.viettablet.com/iphone-x-256gb-like-new,3,256,5490000,2023-01-10 23:22:49.931848,WHITE,1,unknown,viettablet
22,IPHONE 12 PRO,https://www.viettablet.com/iphone-12-pro-xach-tay-my,6,128,15990000,2023-01-10 23:22:49.931848,GRAY,1,unknown,viettablet
23,IPHONE 12 PRO,https://www.viettablet.com/iphone-12-pro-xach-tay-my,6,128,16490000,2023-01-10 23:22:49.931848,SILVER,1,unknown,viettablet
24,IPHONE 12 PRO,https://www.viettablet.com/iphone-12-pro-xach-tay-my,6,128,16590000,2023-01-10 23:22:49.931848,YELLOW,1,unknown,viettablet
25,IPHONE 12 PRO,https://www.viettablet.com/iphone-12-pro-xach-tay-my,6,128,16790000,2023-01-10 23:22:49.931848,BLUE,1,unknown,viettablet
26,IPHONE 12 PRO,https://www.viettablet.com/iphone-12-pro-256gb-chua-acvive-troi-bao-hanh,6,256,17500000,2023-01-10 23:22:49.931848,GRAY,1,unknown,viettablet
27,IPHONE 12 PRO,https://www.viettablet.com/iphone-12-pro-256gb-chua-acvive-troi-bao-hanh,6,256,17500000,2023-01-10 23:22:49.931848,SILVER,1,unknown,viettablet
28,IPHONE 12 PRO,https://www.viettablet.com/iphone-12-pro-256gb-chua-acvive-troi-bao-hanh,6,256,17500000,2023-01-10 23:22:49.931848,YELLOW,1,unknown,viettablet
29,IPHONE 12 PRO,https://www.viettablet.com/iphone-12-pro-512gb-chua-acvive-tbh,6,512,17900000,2023-01-10 23:22:49.931848,GRAY,1,unknown,viettablet
30,IPHONE 12 PRO,https://www.viettablet.com/iphone-12-pro-512gb-chua-acvive-tbh,6,512,17900000,2023-01-10 23:22:49.931848,SILVER,1,unknown,viettablet
31,IPHONE 12 PRO,https://www.viettablet.com/iphone-12-pro-512gb-chua-acvive-tbh,6,512,17900000,2023-01-10 23:22:49.931848,YELLOW,1,unknown,viettablet
32,IPHONE 8,https://www.viettablet.com/iphone-8-moi-chua-active-troi-bao-hanh,2,64,5490000,2023-01-10 23:22:49.931848,WHITE,1,unknown,viettablet
33,IPHONE 8,https://www.viettablet.com/iphone-8-moi-chua-active-troi-bao-hanh,2,64,5590000,2023-01-10 23:22:49.931848,YELLOW,1,unknown,viettablet
34,IPHONE 12 PRO,https://www.viettablet.com/iphone-12-pro-256gb-like-new-99,6,256,13590000,2023-01-10 23:22:49.931848,GRAY,1,unknown,viettablet
35,IPHONE 12 PRO,https://www.viettablet.com/iphone-12-pro-256gb-like-new-99,6,256,14090000,2023-01-10 23:22:49.931848,WHITE,1,unknown,viettablet
36,IPHONE 12 PRO,https://www.viettablet.com/iphone-12-pro-256gb-like-new-99,6,256,14390000,2023-01-10 23:22:49.931848,YELLOW,1,unknown,viettablet
37,IPHONE 12 PRO,https://www.viettablet.com/iphone-12-pro-256gb-like-new-99,6,256,14590000,2023-01-10 23:22:49.931848,BLUE,1,unknown,viettablet
38,IPHONE 12 PRO,https://www.viettablet.com/iphone-12-pro-cu-like-new-99,6,128,12190000,2023-01-10 23:22:49.931848,GRAY,1,unknown,viettablet
39,IPHONE 12 PRO,https://www.viettablet.com/iphone-12-pro-cu-like-new-99,6,128,12590000,2023-01-10 23:22:49.931848,WHITE,1,unknown,viettablet
40,IPHONE 12 PRO,https://www.viettablet.com/iphone-12-pro-cu-like-new-99,6,128,12790000,2023-01-10 23:22:49.931848,YELLOW,1,unknown,viettablet
41,IPHONE 12 PRO,https://www.viettablet.com/iphone-12-pro-cu-like-new-99,6,128,12990000,2023-01-10 23:22:49.931848,BLUE,1,unknown,viettablet
42,IPHONE 12,https://www.viettablet.com/iphone-12-cu-like-new-99,4,64,8990000,2023-01-10 23:22:49.931848,BLACK,1,unknown,viettablet
43,IPHONE 12,https://www.viettablet.com/iphone-12-cu-like-new-99,4,64,9590000,2023-01-10 23:22:49.931848,BLUE,1,unknown,viettablet
44,IPHONE 12,https://www.viettablet.com/iphone-12-cu-like-new-99,4,64,9590000,2023-01-10 23:22:49.931848,Trắng Tím Đỏ,1,unknown,viettablet
45,IPHONE 12,https://www.viettablet.com/iphone-12-cu-like-new-99,4,64,9790000,2023-01-10 23:22:49.931848,GREEN,1,unknown,viettablet
46,IPHONE 11 PRO,https://www.viettablet.com/iphone-11-pro-256gb-like-new-99,4,256,9590000,2023-01-10 23:22:49.931848,BLACK,1,unknown,viettablet
47,IPHONE 11 PRO,https://www.viettablet.com/iphone-11-pro-256gb-like-new-99,4,256,9890000,2023-01-10 23:22:49.931848,SILVER,1,unknown,viettablet
48,IPHONE 11 PRO,https://www.viettablet.com/iphone-11-pro-256gb-like-new-99,4,256,10290000,2023-01-10 23:22:49.931848,YELLOW,1,unknown,viettablet
49,IPHONE 11 PRO,https://www.viettablet.com/iphone-11-pro-256gb-like-new-99,4,256,10490000,2023-01-10 23:22:49.931848,BLUE,1,unknown,viettablet
50,IPHONE XR,https://www.viettablet.com/iphone-xr-cu-like-new,3,64,5290000,2023-01-10 23:22:49.931848,WHITE,1,unknown,viettablet
51,IPHONE XR,https://www.viettablet.com/iphone-xr-cu-like-new,3,64,5790000,2023-01-10 23:22:49.931848,YELLOW,1,unknown,viettablet
52,IPHONE XR,https://www.viettablet.com/iphone-xr-cu-like-new,3,64,5790000,2023-01-10 23:22:49.931848,BLUE,1,unknown,viettablet
53,IPHONE XR,https://www.viettablet.com/iphone-xr-cu-like-new,3,64,5790000,2023-01-10 23:22:49.931848,RED,1,unknown,viettablet
54,IPHONE XR,https://www.viettablet.com/iphone-xr-cu-like-new,3,64,5790000,2023-01-10 23:22:49.931848,ORANGE,1,unknown,viettablet
55,IPHONE XR,https://www.viettablet.com/iphone-xr-cu-like-new,3,64,5790000,2023-01-10 23:22:49.931848,BLACK,1,unknown,viettablet
56,IPHONE XR,https://www.viettablet.com/iphone-xr-64gb,3,64,7390000,2023-01-10 23:22:49.931848,WHITE,1,unknown,viettablet
57,IPHONE XR,https://www.viettablet.com/iphone-xr-64gb,3,64,7390000,2023-01-10 23:22:49.931848,RED,1,unknown,viettablet
58,IPHONE XR,https://www.viettablet.com/iphone-xr-64gb,3,64,7390000,2023-01-10 23:22:49.931848,BLUE,1,unknown,viettablet
59,IPHONE XR,https://www.viettablet.com/iphone-xr-64gb,3,64,7390000,2023-01-10 23:22:49.931848,YELLOW,1,unknown,viettablet
60,IPHONE XR,https://www.viettablet.com/iphone-xr-64gb,3,64,7390000,2023-01-10 23:22:49.931848,ORANGE,1,unknown,viettablet
61,IPHONE XR,https://www.viettablet.com/iphone-xr-64gb-chinh-hang-like-new,3,64,5990000,2023-01-10 23:22:49.931848,YELLOW,1,unknown,viettablet
62,IPHONE XR,https://www.viettablet.com/iphone-xr-64gb-chinh-hang-like-new,3,64,6590000,2023-01-10 23:22:49.931848,BLUE,1,unknown,viettablet
63,IPHONE XR,https://www.viettablet.com/iphone-xr-64gb-chinh-hang-like-new,3,64,6590000,2023-01-10 23:22:49.931848,WHITE,1,unknown,viettablet
64,IPHONE XR,https://www.viettablet.com/iphone-xr-64gb-chinh-hang-like-new,3,64,6590000,2023-01-10 23:22:49.931848,RED,1,unknown,viettablet
65,IPHONE XR,https://www.viettablet.com/iphone-xr-64gb-chinh-hang-like-new,3,64,6590000,2023-01-10 23:22:49.931848,BLACK,1,unknown,viettablet
66,IPHONE XR,https://www.viettablet.com/iphone-xr-64gb-chinh-hang-like-new,3,64,6590000,2023-01-10 23:22:49.931848,ORANGE,1,unknown,viettablet
67,IPHONE XR,https://www.viettablet.com/iphone-xr-lock,3,64,8690000,2023-01-10 23:22:49.931848,BLUE,1,unknown,viettablet
68,IPHONE XR,https://www.viettablet.com/iphone-xr-lock,3,64,8890000,2023-01-10 23:22:49.931848,Đen Đỏ,1,unknown,viettablet
69,IPHONE 11 PRO MAX,https://www.viettablet.com/iphone-11-pro-max-64gb-like-new-99,4,64,9590000,2023-01-10 23:22:49.931848,GRAY,1,unknown,viettablet
70,IPHONE 11 PRO MAX,https://www.viettablet.com/iphone-11-pro-max-64gb-like-new-99,4,64,10490000,2023-01-10 23:22:49.931848,WHITE,1,unknown,viettablet
71,IPHONE 11 PRO MAX,https://www.viettablet.com/iphone-11-pro-max-64gb-like-new-99,4,64,10590000,2023-01-10 23:22:49.931848,YELLOW,1,unknown,viettablet
72,IPHONE 11 PRO MAX,https://www.viettablet.com/iphone-11-pro-max-64gb-like-new-99,4,64,10790000,2023-01-10 23:22:49.931848,BLUE,1,unknown,viettablet
73,IPHONE XS,https://www.viettablet.com/iphone-xs-cu-like-new,4,64,5290000,2023-01-10 23:22:49.931848,BLACK,1,unknown,viettablet
74,IPHONE XS,https://www.viettablet.com/iphone-xs-cu-like-new,4,64,5790000,2023-01-10 23:22:49.931848,WHITE,1,unknown,viettablet
75,IPHONE XS,https://www.viettablet.com/iphone-xs-cu-like-new,4,64,5990000,2023-01-10 23:22:49.931848,YELLOW,1,unknown,viettablet
76,IPHONE 11,https://www.viettablet.com/iphone-11-64gb-like-new-99,4,64,6590000,2023-01-10 23:22:49.931848,RED,1,unknown,viettablet
77,IPHONE 11,https://www.viettablet.com/iphone-11-64gb-like-new-99,4,64,7090000,2023-01-10 23:22:49.931848,Vàng Đen,1,unknown,viettablet
78,IPHONE 11,https://www.viettablet.com/iphone-11-64gb-like-new-99,4,64,7390000,2023-01-10 23:22:49.931848,Tím Trắng Xanh,1,unknown,viettablet
79,IPHONE 11 PRO,https://www.viettablet.com/iphone-11-pro-64gb-like-new-99,4,64,8590000,2023-01-10 23:22:49.931848,BLACK,1,unknown,viettablet
80,IPHONE 11 PRO,https://www.viettablet.com/iphone-11-pro-64gb-like-new-99,4,64,9090000,2023-01-10 23:22:49.931848,WHITE,1,unknown,viettablet
81,IPHONE 11 PRO,https://www.viettablet.com/iphone-11-pro-64gb-like-new-99,4,64,9190000,2023-01-10 23:22:49.931848,YELLOW,1,unknown,viettablet
82,IPHONE 11 PRO,https://www.viettablet.com/iphone-11-pro-64gb-like-new-99,4,64,9290000,2023-01-10 23:22:49.931848,BLUE,1,unknown,viettablet
83,IPHONE XS MAX,https://www.viettablet.com/iphone-xs-max-cu-like-new,4,64,6590000,2023-01-10 23:22:49.931848,BLACK,1,unknown,viettablet
84,IPHONE XS MAX,https://www.viettablet.com/iphone-xs-max-cu-like-new,4,64,6990000,2023-01-10 23:22:49.931848,WHITE,1,unknown,viettablet
85,IPHONE XS MAX,https://www.viettablet.com/iphone-xs-max-cu-like-new,4,64,7290000,2023-01-10 23:22:49.931848,YELLOW,1,unknown,viettablet
86,IPHONE 11 PRO MAX,https://www.viettablet.com/iphone-11-pro-max-256gb-like-new-99,4,256,11490000,2023-01-10 23:22:49.931848,GRAY,1,unknown,viettablet
87,IPHONE 11 PRO MAX,https://www.viettablet.com/iphone-11-pro-max-256gb-like-new-99,4,256,12190000,2023-01-10 23:22:49.931848,SILVER,1,unknown,viettablet
88,IPHONE 11 PRO MAX,https://www.viettablet.com/iphone-11-pro-max-256gb-like-new-99,4,256,12290000,2023-01-10 23:22:49.931848,YELLOW,1,unknown,viettablet
89,IPHONE 11 PRO MAX,https://www.viettablet.com/iphone-11-pro-max-256gb-like-new-99,4,256,12390000,2023-01-10 23:22:49.931848,BLUE,1,unknown,viettablet
90,IPHONE XS,https://www.viettablet.com/iphone-xs-64gb-chua-active-tbh,4,64,8690000,2023-01-10 23:22:49.931848,WHITE,1,unknown,viettablet
91,IPHONE XS,https://www.viettablet.com/iphone-xs-64gb-chua-active-tbh,4,64,8990000,2023-01-10 23:22:49.931848,YELLOW,1,unknown,viettablet
92,IPHONE 12 PRO MAX,https://www.viettablet.com/iphone-12-pro-max-cu-like-new-99,6,128,14990000,2023-01-10 23:22:49.931848,BLACK,1,unknown,viettablet
93,IPHONE 12 PRO MAX,https://www.viettablet.com/iphone-12-pro-max-cu-like-new-99,6,128,15290000,2023-01-10 23:22:49.931848,BLUE,1,unknown,viettablet
94,IPHONE 12 PRO MAX,https://www.viettablet.com/iphone-12-pro-max-cu-like-new-99,6,128,15590000,2023-01-10 23:22:49.931848,WHITE,1,unknown,viettablet
95,IPHONE 12 PRO MAX,https://www.viettablet.com/iphone-12-pro-max-cu-like-new-99,6,128,15890000,2023-01-10 23:22:49.931848,YELLOW,1,unknown,viettablet
96,IPHONE 11 PRO MAX,https://www.viettablet.com/iphone-11-pro-max-lock-64gb,4,64,7990000,2023-01-10 23:22:49.931848,BLACK,1,unknown,viettablet
97,IPHONE 11 PRO MAX,https://www.viettablet.com/iphone-11-pro-max-lock-64gb,4,64,8390000,2023-01-10 23:22:49.931848,Xanh Vàng Trắng,1,unknown,viettablet
98,IPHONE XS MAX,https://www.viettablet.com/iphone-xs-max-256gb-cu,4,256,7990000,2023-01-10 23:22:49.931848,BLACK,1,unknown,viettablet
99,IPHONE XS MAX,https://www.viettablet.com/iphone-xs-max-256gb-cu,4,256,8490000,2023-01-10 23:22:49.931848,WHITE,1,unknown,viettablet
100,IPHONE XS MAX,https://www.viettablet.com/iphone-xs-max-256gb-cu,4,256,8490000,2023-01-10 23:22:49.931848,YELLOW,1,unknown,viettablet
101,IPHONE 8,https://www.viettablet.com/iphone-8-cu-like-new-99,2,64,2890000,2023-01-10 23:22:49.931848,BLACK,1,unknown,viettablet
102,IPHONE 8,https://www.viettablet.com/iphone-8-cu-like-new-99,2,64,3690000,2023-01-10 23:22:49.931848,WHITE,1,unknown,viettablet
103,IPHONE 8,https://www.viettablet.com/iphone-8-cu-like-new-99,2,64,3690000,2023-01-10 23:22:49.931848,YELLOW,1,unknown,viettablet
104,IPHONE 8,https://www.viettablet.com/iphone-8-cu-like-new-99,2,64,3690000,2023-01-10 23:22:49.931848,RED,1,unknown,viettablet
105,IPHONE XS,https://www.viettablet.com/iphone-xs-cu-256gb,4,256,6590000,2023-01-10 23:22:49.931848,WHITE,1,unknown,viettablet
106,IPHONE XS,https://www.viettablet.com/iphone-xs-cu-256gb,4,256,6990000,2023-01-10 23:22:49.931848,BLACK,1,unknown,viettablet
107,IPHONE XS,https://www.viettablet.com/iphone-xs-cu-256gb,4,256,7090000,2023-01-10 23:22:49.931848,YELLOW,1,unknown,viettablet
108,IPHONE 11 PRO MAX,https://www.viettablet.com/iphone-11-pro-max-512gb-like-new-99,4,512,13990000,2023-01-10 23:22:49.931848,BLACK,1,unknown,viettablet
109,IPHONE 11 PRO MAX,https://www.viettablet.com/iphone-11-pro-max-512gb-like-new-99,4,512,14390000,2023-01-10 23:22:49.931848,SILVER,1,unknown,viettablet
110,IPHONE 11 PRO MAX,https://www.viettablet.com/iphone-11-pro-max-512gb-like-new-99,4,512,14390000,2023-01-10 23:22:49.931848,YELLOW,1,unknown,viettablet
111,IPHONE 11 PRO MAX,https://www.viettablet.com/iphone-11-pro-max-512gb-like-new-99,4,512,14390000,2023-01-10 23:22:49.931848,BLUE,1,unknown,viettablet
112,IPHONE 11 PRO MAX,https://www.viettablet.com/iphone-11-pro-max-256gb-cpo-moi-chua-active,4,256,18990000,2023-01-10 23:22:49.931848,BLACK,1,unknown,viettablet
113,IPHONE 11 PRO MAX,https://www.viettablet.com/iphone-11-pro-max-256gb-cpo-moi-chua-active,4,256,18990000,2023-01-10 23:22:49.931848,YELLOW,1,unknown,viettablet
114,IPHONE 11 PRO MAX,https://www.viettablet.com/iphone-11-pro-max-256gb-cpo-moi-chua-active,4,256,19690000,2023-01-10 23:22:49.931848,BLUE,1,unknown,viettablet
115,IPHONE XS MAX,https://www.viettablet.com/iphone-xs-max-64gb-cpo,4,64,10990000,2023-01-10 23:22:49.931848,WHITE,1,unknown,viettablet
116,IPHONE XS MAX,https://www.viettablet.com/iphone-xs-max-64gb-cpo,4,64,11390000,2023-01-10 23:22:49.931848,YELLOW,1,unknown,viettablet
117,IPHONE 11 PRO MAX,https://www.viettablet.com/iphone-11-pro-max-64gb-chua-active-tbh,4,64,16590000,2023-01-10 23:22:49.931848,GRAY,1,unknown,viettablet
118,IPHONE 11 PRO MAX,https://www.viettablet.com/iphone-11-pro-max-64gb-chua-active-tbh,4,64,17190000,2023-01-10 23:22:49.931848,YELLOW,1,unknown,viettablet
119,IPHONE 11 PRO MAX,https://www.viettablet.com/iphone-11-pro-max-64gb-chua-active-tbh,4,64,17190000,2023-01-10 23:22:49.931848,BLUE,1,unknown,viettablet
120,IPHONE 11 PRO MAX,https://www.viettablet.com/iphone-11-pro-max-64gb-chua-active-tbh,4,64,17190000,2023-01-10 23:22:49.931848,Bạc Fullbox,1,unknown,viettablet
121,IPHONE 11 PRO MAX,https://www.viettablet.com/iphone-11-pro-max-64gb-chua-active-tbh,4,64,17590000,2023-01-10 23:22:49.931848,Xanh Fullbox,1,unknown,viettablet
122,IPHONE 11 PRO MAX,https://www.viettablet.com/iphone-11-pro-max-64gb-chua-active-tbh,4,64,18190000,2023-01-10 23:22:49.931848,Xám Fullbox,1,unknown,viettablet
123,IPHONE 11 PRO MAX,https://www.viettablet.com/iphone-11-pro-max-64gb-chua-active-tbh,4,64,18190000,2023-01-10 23:22:49.931848,Vàng Fullbox,1,unknown,viettablet
124,IPHONE XS MAX,https://www.viettablet.com/iphone-xs-max-lock,4,64,6990000,2023-01-10 23:22:49.931848,WHITE,1,unknown,viettablet
125,IPHONE XS MAX,https://www.viettablet.com/iphone-xs-max-lock,4,64,7290000,2023-01-10 23:22:49.931848,Gold,1,unknown,viettablet
126,IPHONE 11,https://www.viettablet.com/iphone-11-128gb-like-new-99,4,128,7990000,2023-01-10 23:22:49.931848,Đen Đỏ Vàng,1,unknown,viettablet
127,IPHONE 11,https://www.viettablet.com/iphone-11-128gb-like-new-99,4,128,8590000,2023-01-10 23:22:49.931848,Tím Trắng Xanh,1,unknown,viettablet
128,IPHONE 12 PRO MAX,https://www.viettablet.com/iphone-12-pro-max-256gb-chua-active-troi-bao-hanh-vi,6,256,15390000,2023-01-10 23:22:49.931848,BLACK,1,unknown,viettablet
129,IPHONE 12 PRO MAX,https://www.viettablet.com/iphone-12-pro-max-256gb-chua-active-troi-bao-hanh-vi,6,256,15690000,2023-01-10 23:22:49.931848,YELLOW,1,unknown,viettablet
130,IPHONE 12 PRO MAX,https://www.viettablet.com/iphone-12-pro-max-256gb-chua-active-troi-bao-hanh-vi,6,256,16490000,2023-01-10 23:22:49.931848,WHITE,1,unknown,viettablet
131,IPHONE 12 PRO MAX,https://www.viettablet.com/iphone-12-pro-max-256gb-chua-active-troi-bao-hanh-vi,6,256,16490000,2023-01-10 23:22:49.931848,BLUE,1,unknown,viettablet
132,IPHONE 11,https://www.viettablet.com/iphone-11-64gb-moi-chua-active-vn-a,4,64,10490000,2023-01-10 23:22:49.931848,LL,1,unknown,viettablet
133,IPHONE 11,https://www.viettablet.com/iphone-11-64gb-moi-chua-active-vn-a,4,64,10990000,2023-01-10 23:22:49.931848,VNA ĐenTím,1,unknown,viettablet
134,IPHONE 11,https://www.viettablet.com/iphone-11-64gb-moi-chua-active-vn-a,4,64,10990000,2023-01-10 23:22:49.931848,VNA ĐỏXanhTrắng,1,unknown,viettablet
135,IPHONE 11,https://www.viettablet.com/iphone-11-lock-64gb,4,64,8990000,2023-01-10 23:22:49.931848,RED,1,unknown,viettablet
136,IPHONE 11,https://www.viettablet.com/iphone-11-lock-64gb,4,64,9290000,2023-01-10 23:22:49.931848,BLACK,1,unknown,viettablet
137,IPHONE 11,https://www.viettablet.com/iphone-11-128gb-moi-chua-active-vn-a-clone,4,128,12690000,2023-01-10 23:22:49.931848,WHITE,1,unknown,viettablet
138,IPHONE 11,https://www.viettablet.com/iphone-11-128gb-moi-chua-active-vn-a-clone,4,128,12990000,2023-01-10 23:22:49.931848,PURPLE,1,unknown,viettablet
139,IPHONE 11,https://www.viettablet.com/iphone-11-128gb-moi-chua-active-vn-a-clone,4,128,13190000,2023-01-10 23:22:49.931848,RED,1,unknown,viettablet
140,IPHONE 11,https://www.viettablet.com/iphone-11-128gb-moi-chua-active-vn-a-clone,4,128,13190000,2023-01-10 23:22:49.931848,YELLOW,1,unknown,viettablet
141,IPHONE 11,https://www.viettablet.com/iphone-11-128gb-moi-chua-active-vn-a-clone,4,128,13190000,2023-01-10 23:22:49.931848,BLUE,1,unknown,viettablet
142,IPHONE 11 PRO,https://www.viettablet.com/iphone-11-pro-64gb-chua-active-tbh,4,64,12990000,2023-01-10 23:22:49.931848,YELLOW,1,unknown,viettablet
143,IPHONE 11 PRO,https://www.viettablet.com/iphone-11-pro-64gb-chua-active-tbh,4,64,13490000,2023-01-10 23:22:49.931848,SILVER,1,unknown,viettablet
144,IPHONE 11 PRO,https://www.viettablet.com/iphone-11-pro-64gb-chua-active-tbh,4,64,13490000,2023-01-10 23:22:49.931848,BLUE,1,unknown,viettablet
145,IPHONE XS MAX,https://www.viettablet.com/iphone-xs-max-chua-active-tbh,4,64,10990000,2023-01-10 23:22:49.931848,WHITE,1,unknown,viettablet
146,IPHONE XS MAX,https://www.viettablet.com/iphone-xs-max-chua-active-tbh,4,64,11290000,2023-01-10 23:22:49.931848,YELLOW,1,unknown,viettablet
147,IPHONE XS,https://www.viettablet.com/iphone-xs-cu-512gb,4,512,7790000,2023-01-10 23:22:49.931848,BLACK,1,unknown,viettablet
148,IPHONE XS,https://www.viettablet.com/iphone-xs-cu-512gb,4,512,8290000,2023-01-10 23:22:49.931848,WHITE,1,unknown,viettablet
149,IPHONE XS,https://www.viettablet.com/iphone-xs-cu-512gb,4,512,8390000,2023-01-10 23:22:49.931848,YELLOW,1,unknown,viettablet
150,IPHONE XS,https://www.viettablet.com/iphone-xs,4,64,13590000,2023-01-10 23:22:49.931848,WHITE,1,unknown,viettablet
151,IPHONE XS,https://www.viettablet.com/iphone-xs,4,64,13890000,2023-01-10 23:22:49.931848,YELLOW,1,unknown,viettablet
152,IPHONE 13,https://www.viettablet.com/iphone-13-128gb-active-online,4,128,15990000,2023-01-10 23:22:49.931848,WHITE,1,unknown,viettablet
153,IPHONE 13,https://www.viettablet.com/iphone-13-128gb-active-online,4,128,15990000,2023-01-10 23:22:49.931848,GREEN,1,unknown,viettablet
154,IPHONE 13,https://www.viettablet.com/iphone-13-128gb-active-online,4,128,15990000,2023-01-10 23:22:49.931848,RED,1,unknown,viettablet
155,IPHONE 13,https://www.viettablet.com/iphone-13-128gb-active-online,4,128,16190000,2023-01-10 23:22:49.931848,BLACK,1,unknown,viettablet
156,IPHONE 13,https://www.viettablet.com/iphone-13-128gb-active-online,4,128,16290000,2023-01-10 23:22:49.931848,BLUE,1,unknown,viettablet
157,IPHONE 11 PRO MAX,https://www.viettablet.com/iphone-11-pro-max-256gb-chua-active-tbh,4,256,18490000,2023-01-10 23:22:49.931848,SILVER,1,unknown,viettablet
158,IPHONE 11 PRO MAX,https://www.viettablet.com/iphone-11-pro-max-256gb-chua-active-tbh,4,256,19390000,2023-01-10 23:22:49.931848,YELLOW,1,unknown,viettablet
159,IPHONE 11 PRO MAX,https://www.viettablet.com/iphone-11-pro-max-256gb-chua-active-tbh,4,256,19590000,2023-01-10 23:22:49.931848,BLUE,1,unknown,viettablet
160,IPHONE 11 PRO MAX,https://www.viettablet.com/iphone-11-pro-max-256gb-chua-active-tbh,4,256,19590000,2023-01-10 23:22:49.931848,Đen Fullbox,1,unknown,viettablet
161,IPHONE 11 PRO MAX,https://www.viettablet.com/iphone-11-pro-max-256gb-chua-active-tbh,4,256,19490000,2023-01-10 23:22:49.931848,Bạc Fullbox,1,unknown,viettablet
162,IPHONE 11 PRO MAX,https://www.viettablet.com/iphone-11-pro-max-256gb-chua-active-tbh,4,256,20390000,2023-01-10 23:22:49.931848,Vàng Fullbox,1,unknown,viettablet
163,IPHONE 11 PRO MAX,https://www.viettablet.com/iphone-11-pro-max-256gb-chua-active-tbh,4,256,20590000,2023-01-10 23:22:49.931848,Xanh Fullbox,1,unknown,viettablet
164,IPHONE 11 PRO,https://www.viettablet.com/iphone-11-pro-512gb-like-new-99,4,512,10590000,2023-01-10 23:22:49.931848,GRAY,1,unknown,viettablet
165,IPHONE 11 PRO,https://www.viettablet.com/iphone-11-pro-512gb-like-new-99,4,512,11190000,2023-01-10 23:22:49.931848,SILVER,1,unknown,viettablet
166,IPHONE 11 PRO,https://www.viettablet.com/iphone-11-pro-512gb-like-new-99,4,512,11290000,2023-01-10 23:22:49.931848,YELLOW,1,unknown,viettablet
167,IPHONE 11 PRO,https://www.viettablet.com/iphone-11-pro-512gb-like-new-99,4,512,11590000,2023-01-10 23:22:49.931848,BLUE,1,unknown,viettablet
168,IPHONE XS,https://www.viettablet.com/iphone-xs-256gb-chua-active-tbh,4,256,9190000,2023-01-10 23:22:49.931848,BLACK,1,unknown,viettablet
169,IPHONE XS,https://www.viettablet.com/iphone-xs-256gb-chua-active-tbh,4,256,9390000,2023-01-10 23:22:49.931848,YELLOW,1,unknown,viettablet
170,IPHONE 12 PRO MAX,https://www.viettablet.com/iphone-12-pro-max-512gb-like-new-99,6,512,16990000,2023-01-10 23:22:49.931848,BLACK,1,unknown,viettablet
171,IPHONE 12 PRO MAX,https://www.viettablet.com/iphone-12-pro-max-512gb-like-new-99,6,512,17490000,2023-01-10 23:22:49.931848,WHITE,1,unknown,viettablet
172,IPHONE 12 PRO MAX,https://www.viettablet.com/iphone-12-pro-max-512gb-like-new-99,6,512,17590000,2023-01-10 23:22:49.931848,Xanh Vàng,1,unknown,viettablet
173,IPHONE 11,https://www.viettablet.com/iphone-11-64gb,4,64,10990000,2023-01-10 23:22:49.931848,RED,1,unknown,viettablet
174,IPHONE 11,https://www.viettablet.com/iphone-11-64gb,4,64,10990000,2023-01-10 23:22:49.931848,BLACK,1,unknown,viettablet
175,IPHONE 11,https://www.viettablet.com/iphone-11-64gb,4,64,10990000,2023-01-10 23:22:49.931848,PURPLE,1,unknown,viettablet
176,IPHONE 11,https://www.viettablet.com/iphone-11-64gb,4,64,11290000,2023-01-10 23:22:49.931848,WHITE,1,unknown,viettablet
177,IPHONE 11,https://www.viettablet.com/iphone-11-64gb,4,64,11290000,2023-01-10 23:22:49.931848,BLUE,1,unknown,viettablet
178,IPHONE XS MAX,https://www.viettablet.com/iphone-xs-max-512gb-cu,4,512,9290000,2023-01-10 23:22:49.931848,BLACK,1,unknown,viettablet
179,IPHONE XS MAX,https://www.viettablet.com/iphone-xs-max-512gb-cu,4,512,9890000,2023-01-10 23:22:49.931848,WHITE,1,unknown,viettablet
180,IPHONE XS MAX,https://www.viettablet.com/iphone-xs-max-512gb-cu,4,512,9990000,2023-01-10 23:22:49.931848,YELLOW,1,unknown,viettablet
181,IPHONE 12 PRO,https://www.viettablet.com/iphone-12-pro-512gb-like-new-99,6,512,14990000,2023-01-10 23:22:49.931848,GRAY,1,unknown,viettablet
182,IPHONE 12 PRO,https://www.viettablet.com/iphone-12-pro-512gb-like-new-99,6,512,15490000,2023-01-10 23:22:49.931848,WHITE,1,unknown,viettablet
183,IPHONE 12 PRO,https://www.viettablet.com/iphone-12-pro-512gb-like-new-99,6,512,15490000,2023-01-10 23:22:49.931848,YELLOW,1,unknown,viettablet
184,IPHONE 12 PRO,https://www.viettablet.com/iphone-12-pro-512gb-like-new-99,6,512,15490000,2023-01-10 23:22:49.931848,BLUE,1,unknown,viettablet
185,IPHONE XS MAX,https://www.viettablet.com/iphone-xs-max-64gb-esim,4,64,13990000,2023-01-10 23:22:49.931848,WHITE,1,unknown,viettablet
186,IPHONE XS MAX,https://www.viettablet.com/iphone-xs-max-64gb-esim,4,64,13990000,2023-01-10 23:22:49.931848,YELLOW,1,unknown,viettablet
187,IPHONE 12 PRO,https://www.viettablet.com/iphone-12-pro-256gb-ban-my,6,256,19990000,2023-01-10 23:22:49.931848,YELLOW,1,unknown,viettablet
188,IPHONE 12 PRO,https://www.viettablet.com/iphone-12-pro-256gb-ban-my,6,256,19990000,2023-01-10 23:22:49.931848,SILVER,1,unknown,viettablet
189,IPHONE 12 PRO,https://www.viettablet.com/iphone-12-pro-256gb-ban-my,6,256,20490000,2023-01-10 23:22:49.931848,BLUE,1,unknown,viettablet
190,IPHONE XS MAX,https://www.viettablet.com/iphone-xs-max-256gb-esim,4,256,16590000,2023-01-10 23:22:49.931848,Trắng Máy trần,1,unknown,viettablet
191,IPHONE XS MAX,https://www.viettablet.com/iphone-xs-max-256gb-esim,4,256,16790000,2023-01-10 23:22:49.931848,Vàng Máy trần,1,unknown,viettablet
192,IPHONE XS MAX,https://www.viettablet.com/iphone-xs-max-256gb-esim,4,256,17290000,2023-01-10 23:22:49.931848,Đen Fullbox,1,unknown,viettablet
193,IPHONE XS MAX,https://www.viettablet.com/iphone-xs-max-256gb-esim,4,256,17190000,2023-01-10 23:22:49.931848,Trắng Fullbox,1,unknown,viettablet
194,IPHONE XS MAX,https://www.viettablet.com/iphone-xs-max-256gb-esim,4,256,17390000,2023-01-10 23:22:49.931848,Vàng Fullbox,1,unknown,viettablet
195,IPHONE XS MAX,https://www.viettablet.com/iphone-xs-max-256gb-chua-active-tbh,4,256,12190000,2023-01-10 23:22:49.931848,WHITE,1,unknown,viettablet
196,IPHONE XS MAX,https://www.viettablet.com/iphone-xs-max-256gb-chua-active-tbh,4,256,12490000,2023-01-10 23:22:49.931848,Gold,1,unknown,viettablet
197,IPHONE 11,https://www.viettablet.com/iphone-11-256gb-like-new-99,4,256,9990000,2023-01-10 23:22:49.931848,YELLOW,1,unknown,viettablet
198,IPHONE 11,https://www.viettablet.com/iphone-11-256gb-like-new-99,4,256,9990000,2023-01-10 23:22:49.931848,WHITE,1,unknown,viettablet
199,IPHONE 11,https://www.viettablet.com/iphone-11-256gb-like-new-99,4,256,9990000,2023-01-10 23:22:49.931848,PURPLE,1,unknown,viettablet
200,IPHONE 11,https://www.viettablet.com/iphone-11-256gb-like-new-99,4,256,9990000,2023-01-10 23:22:49.931848,BLUE,1,unknown,viettablet
201,IPHONE 11,https://www.viettablet.com/iphone-11-256gb-like-new-99,4,256,9990000,2023-01-10 23:22:49.931848,BLACK,1,unknown,viettablet
202,IPHONE XS MAX,https://www.viettablet.com/iphone-xs-max-256gb-cpo-moi-chua-active-clone,4,256,14390000,2023-01-10 23:22:49.931848,YELLOW,1,unknown,viettablet
203,IPHONE XR,https://www.viettablet.com/iphone-xr-cu-128gb,3,128,6590000,2023-01-10 23:22:49.931848,Máy,1,unknown,viettablet
204,IPHONE 11,https://www.viettablet.com/iphone-11-64gb-chua-active-tbh,4,64,8990000,2023-01-10 23:22:49.931848,Đen Vàng,1,unknown,viettablet
205,IPHONE 11,https://www.viettablet.com/iphone-11-64gb-chua-active-tbh,4,64,9390000,2023-01-10 23:22:49.931848,Trắng Xanh,1,unknown,viettablet
206,IPHONE 11,https://www.viettablet.com/iphone-11-128gb-moi-100-full-box,4,128,13990000,2023-01-10 23:22:49.931848,RED,1,unknown,viettablet
207,IPHONE 11,https://www.viettablet.com/iphone-11-128gb-moi-100-full-box,4,128,14290000,2023-01-10 23:22:49.931848,BLACK,1,unknown,viettablet
208,IPHONE 11,https://www.viettablet.com/iphone-11-128gb-moi-100-full-box,4,128,14390000,2023-01-10 23:22:49.931848,PURPLE,1,unknown,viettablet
209,IPHONE 11,https://www.viettablet.com/iphone-11-128gb-moi-100-full-box,4,128,14490000,2023-01-10 23:22:49.931848,WHITE,1,unknown,viettablet
210,IPHONE 11,https://www.viettablet.com/iphone-11-128gb-moi-100-full-box,4,128,14490000,2023-01-10 23:22:49.931848,BLUE,1,unknown,viettablet
211,IPHONE 11,https://www.viettablet.com/iphone-11-128gb-chua-active-tbh,4,128,13590000,2023-01-10 23:22:49.931848,BLACK,1,unknown,viettablet
212,IPHONE 11,https://www.viettablet.com/iphone-11-128gb-chua-active-tbh,4,128,13590000,2023-01-10 23:22:49.931848,RED,1,unknown,viettablet
213,IPHONE 11,https://www.viettablet.com/iphone-11-128gb-chua-active-tbh,4,128,13590000,2023-01-10 23:22:49.931848,YELLOW,1,unknown,viettablet
214,IPHONE 11,https://www.viettablet.com/iphone-11-128gb-chua-active-tbh,4,128,13590000,2023-01-10 23:22:49.931848,BLUE,1,unknown,viettablet
215,IPHONE 11,https://www.viettablet.com/iphone-11-128gb-chua-active-tbh,4,128,13590000,2023-01-10 23:22:49.931848,WHITE,1,unknown,viettablet
216,IPHONE XR,https://www.viettablet.com/iphone-xr-cu-256gb,3,256,7590000,2023-01-10 23:22:49.931848,Máy,1,unknown,viettablet
217,IPHONE XR,https://www.viettablet.com/iphone-xr-128gb,3,128,13990000,2023-01-10 23:22:49.931848,RED,1,unknown,viettablet
218,IPHONE XR,https://www.viettablet.com/iphone-xr-128gb,3,128,13990000,2023-01-10 23:22:49.931848,BLUE,1,unknown,viettablet
219,IPHONE XR,https://www.viettablet.com/iphone-xr-128gb,3,128,13990000,2023-01-10 23:22:49.931848,ORANGE,1,unknown,viettablet
220,IPHONE 7,https://www.viettablet.com/iphone-7-cu-like-new-99,2,32,2590000,2023-01-10 23:22:49.931848,PINK,1,unknown,viettablet
221,IPHONE 7,https://www.viettablet.com/iphone-7-cu-like-new-99,2,32,2890000,2023-01-10 23:22:49.931848,WHITE,1,unknown,viettablet
222,IPHONE 7,https://www.viettablet.com/iphone-7-cu-like-new-99,2,32,2890000,2023-01-10 23:22:49.931848,YELLOW,1,unknown,viettablet
223,IPHONE 7,https://www.viettablet.com/iphone-7-cu-like-new-99,2,32,2890000,2023-01-10 23:22:49.931848,BLACK,1,unknown,viettablet
224,IPHONE 7,https://www.viettablet.com/iphone-7-cu-like-new-99,2,32,2890000,2023-01-10 23:22:49.931848,Đen Nhám,1,unknown,viettablet
225,IPHONE 7,https://www.viettablet.com/iphone-7-128gb-cu-like-new,2,128,2990000,2023-01-10 23:22:49.931848,PINK,1,unknown,viettablet
226,IPHONE 7,https://www.viettablet.com/iphone-7-128gb-cu-like-new,2,128,3390000,2023-01-10 23:22:49.931848,BLACK,1,unknown,viettablet
227,IPHONE 7,https://www.viettablet.com/iphone-7-128gb-cu-like-new,2,128,3390000,2023-01-10 23:22:49.931848,WHITE,1,unknown,viettablet
228,IPHONE 7,https://www.viettablet.com/iphone-7-128gb-cu-like-new,2,128,3390000,2023-01-10 23:22:49.931848,Đen Nhám,1,unknown,viettablet
229,IPHONE 7,https://www.viettablet.com/iphone-7-128gb-cu-like-new,2,128,3390000,2023-01-10 23:22:49.931848,YELLOW,1,unknown,viettablet
230,IPHONE 7,https://www.viettablet.com/iphone-7-128gb-cu-like-new,2,128,3390000,2023-01-10 23:22:49.931848,RED,1,unknown,viettablet
231,IPHONE 11,https://www.viettablet.com/iphone-11-64gb-2-sim-vat-ly-moi,4,64,12990000,2023-01-10 23:22:49.931848,BLACK,1,unknown,viettablet
232,IPHONE 11,https://www.viettablet.com/iphone-11-64gb-2-sim-vat-ly-moi,4,64,12990000,2023-01-10 23:22:49.931848,YELLOW,1,unknown,viettablet
233,IPHONE 11,https://www.viettablet.com/iphone-11-64gb-2-sim-vat-ly-moi,4,64,12990000,2023-01-10 23:22:49.931848,PURPLE,1,unknown,viettablet
234,IPHONE 11,https://www.viettablet.com/iphone-11-64gb-2-sim-vat-ly-moi,4,64,12990000,2023-01-10 23:22:49.931848,WHITE,1,unknown,viettablet
235,IPHONE 11,https://www.viettablet.com/iphone-11-64gb-2-sim-vat-ly-moi,4,64,12990000,2023-01-10 23:22:49.931848,BLUE,1,unknown,viettablet
236,IPHONE 7 PLUS,https://www.viettablet.com/iphone-7-plus-128gb-like-new,3,128,3590000,2023-01-10 23:22:49.931848,WHITE,1,unknown,viettablet
237,IPHONE 7 PLUS,https://www.viettablet.com/iphone-7-plus-128gb-like-new,3,128,3790000,2023-01-10 23:22:49.931848,PINK,1,unknown,viettablet
238,IPHONE 7 PLUS,https://www.viettablet.com/iphone-7-plus-128gb-like-new,3,128,3790000,2023-01-10 23:22:49.931848,YELLOW,1,unknown,viettablet
239,IPHONE 7 PLUS,https://www.viettablet.com/iphone-7-plus-128gb-like-new,3,128,3990000,2023-01-10 23:22:49.931848,BLACK,1,unknown,viettablet
240,IPHONE 7 PLUS,https://www.viettablet.com/iphone-7-plus-128gb-like-new,3,128,3990000,2023-01-10 23:22:49.931848,Đen Nhám,1,unknown,viettablet
241,IPHONE 7 PLUS,https://www.viettablet.com/iphone-7-plus-128gb-like-new,3,128,4090000,2023-01-10 23:22:49.931848,RED,1,unknown,viettablet
242,IPHONE 5S,https://www.viettablet.com/iphone-5s-gold-16gb-new-chua-active,1,16,1590000,2023-01-10 23:22:49.931848,BLACK,1,unknown,viettablet
243,IPHONE 5S,https://www.viettablet.com/iphone-5s-gold-16gb-new-chua-active,1,16,1690000,2023-01-10 23:22:49.931848,Gold,1,unknown,viettablet
244,IPHONE 8 PLUS,https://www.viettablet.com/iphone-8-plus-cu-like-new-99,2,64,4290000,2023-01-10 23:22:49.931848,BLACK,1,unknown,viettablet
245,IPHONE 8 PLUS,https://www.viettablet.com/iphone-8-plus-cu-like-new-99,2,64,4890000,2023-01-10 23:22:49.931848,WHITE,1,unknown,viettablet
246,IPHONE 8 PLUS,https://www.viettablet.com/iphone-8-plus-cu-like-new-99,2,64,4890000,2023-01-10 23:22:49.931848,RED,1,unknown,viettablet
247,IPHONE 8 PLUS,https://www.viettablet.com/iphone-8-plus-cu-like-new-99,2,64,4890000,2023-01-10 23:22:49.931848,Gold,1,unknown,viettablet
248,IPHONE 7,https://www.viettablet.com/iphone-7-256gb-cu-like-new,2,256,4290000,2023-01-10 23:22:49.931848,Máy,1,unknown,viettablet
249,IPHONE 7 PLUS,https://www.viettablet.com/iphone-7-plus-cu-like-new,3,32,2990000,2023-01-10 23:22:49.931848,PINK,1,unknown,viettablet
250,IPHONE 7 PLUS,https://www.viettablet.com/iphone-7-plus-cu-like-new,3,32,3390000,2023-01-10 23:22:49.931848,WHITE,1,unknown,viettablet
251,IPHONE 7 PLUS,https://www.viettablet.com/iphone-7-plus-cu-like-new,3,32,3390000,2023-01-10 23:22:49.931848,BLACK,1,unknown,viettablet
252,IPHONE 7 PLUS,https://www.viettablet.com/iphone-7-plus-cu-like-new,3,32,3390000,2023-01-10 23:22:49.931848,YELLOW,1,unknown,viettablet
253,IPHONE 7 PLUS,https://www.viettablet.com/iphone-7-plus-cu-like-new,3,32,3390000,2023-01-10 23:22:49.931848,Đen Nhám,1,unknown,viettablet
254,IPHONE 13 PRO MAX,https://www.viettablet.com/iphone-13-pro-max-128gb-chinh-hang-vn-a-like-new,6,128,21590000,2023-01-10 23:22:49.931848,Trắng Vàng,1,unknown,viettablet
255,IPHONE 13 PRO MAX,https://www.viettablet.com/iphone-13-pro-max-128gb-chinh-hang-vn-a-like-new,6,128,21590000,2023-01-10 23:22:49.931848,BLUE,1,unknown,viettablet
256,IPHONE 13 PRO MAX,https://www.viettablet.com/iphone-13-pro-max-128gb-chinh-hang-vn-a-like-new,6,128,21590000,2023-01-10 23:22:49.931848,VNA Xám,1,unknown,viettablet
257,IPHONE 13 PRO MAX,https://www.viettablet.com/iphone-13-pro-max-128gb-chinh-hang-vn-a-like-new,6,128,22590000,2023-01-10 23:22:49.931848,VNA Trắng Vàng,1,unknown,viettablet
258,IPHONE 13 PRO MAX,https://www.viettablet.com/iphone-13-pro-max-128gb-chinh-hang-vn-a-like-new,6,128,22590000,2023-01-10 23:22:49.931848,VNA Xanh,1,unknown,viettablet
259,IPHONE 13 PRO MAX,https://www.viettablet.com/iphone-13-pro-max-128gb-chinh-hang-vn-a,6,128,25490000,2023-01-10 23:22:49.931848,LL ĐenTrắng,1,unknown,viettablet
260,IPHONE 13 PRO MAX,https://www.viettablet.com/iphone-13-pro-max-128gb-chinh-hang-vn-a,6,128,26690000,2023-01-10 23:22:49.931848,LL BlueVàng,1,unknown,viettablet
261,IPHONE 13 PRO MAX,https://www.viettablet.com/iphone-13-pro-max-128gb-chinh-hang-vn-a,6,128,26690000,2023-01-10 23:22:49.931848,LL Green,1,unknown,viettablet
262,IPHONE 13 PRO MAX,https://www.viettablet.com/iphone-13-pro-max-128gb-chinh-hang-vn-a,6,128,26690000,2023-01-10 23:22:49.931848,VN ĐenTrắngBlue,1,unknown,viettablet
263,IPHONE 13 PRO MAX,https://www.viettablet.com/iphone-13-pro-max-128gb-chinh-hang-vn-a,6,128,27490000,2023-01-10 23:22:49.931848,VN Vàng,1,unknown,viettablet
264,IPHONE 13 PRO MAX,https://www.viettablet.com/iphone-13-pro-max-128gb-chinh-hang-vn-a,6,128,27490000,2023-01-10 23:22:49.931848,VN Green,1,unknown,viettablet
265,IPHONE 13 PRO MAX,https://www.viettablet.com/iphone-13-pro-max-256gb-chinh-hang-vn-a-like-new,6,256,23490000,2023-01-10 23:22:49.931848,WHITE,1,unknown,viettablet
266,IPHONE 13 PRO MAX,https://www.viettablet.com/iphone-13-pro-max-256gb-chinh-hang-vn-a-like-new,6,256,24090000,2023-01-10 23:22:49.931848,BLUE,1,unknown,viettablet
267,IPHONE 13 PRO MAX,https://www.viettablet.com/iphone-13-pro-max-256gb-chinh-hang-vn-a-like-new,6,256,24090000,2023-01-10 23:22:49.931848,YELLOW,1,unknown,viettablet
268,IPHONE 13 PRO MAX,https://www.viettablet.com/iphone-13-pro-max-512gb-chinh-hang-vn-a-like-new,6,512,28690000,2023-01-10 23:22:49.931848,SILVER,1,unknown,viettablet
269,IPHONE 13 PRO MAX,https://www.viettablet.com/iphone-13-pro-max-512gb-chinh-hang-vn-a-like-new,6,512,29290000,2023-01-10 23:22:49.931848,YELLOW,1,unknown,viettablet
270,IPHONE 13 PRO MAX,https://www.viettablet.com/iphone-13-pro-max-512gb-chinh-hang-vn-a-like-new,6,512,29290000,2023-01-10 23:22:49.931848,BLUE,1,unknown,viettablet
271,IPHONE 7 PLUS,https://www.viettablet.com/iphone-7-plus-256gb-like-new,3,256,4590000,2023-01-10 23:22:49.931848,Máy,1,unknown,viettablet
272,IPHONE 8 PLUS,https://www.viettablet.com/iphone-8-plus-256gb-like-new,2,256,4990000,2023-01-10 23:22:49.931848,RED,1,unknown,viettablet
273,IPHONE 8 PLUS,https://www.viettablet.com/iphone-8-plus-256gb-like-new,2,256,5490000,2023-01-10 23:22:49.931848,WHITE,1,unknown,viettablet
274,IPHONE 8 PLUS,https://www.viettablet.com/iphone-8-plus-256gb-like-new,2,256,5490000,2023-01-10 23:22:49.931848,YELLOW,1,unknown,viettablet
275,IPHONE 8 PLUS,https://www.viettablet.com/iphone-8-plus-256gb-like-new,2,256,5490000,2023-01-10 23:22:49.931848,BLACK,1,unknown,viettablet
276,IPHONE 13,https://www.viettablet.com/iphone-13-128gb-chinh-hang-vn-a,4,128,16990000,2023-01-10 23:22:49.931848,LL ĐỏĐenXanh Dương,1,unknown,viettablet
277,IPHONE 13,https://www.viettablet.com/iphone-13-128gb-chinh-hang-vn-a,4,128,17390000,2023-01-10 23:22:49.931848,LL Trắng Xanh Lá,1,unknown,viettablet
278,IPHONE 13,https://www.viettablet.com/iphone-13-128gb-chinh-hang-vn-a,4,128,17390000,2023-01-10 23:22:49.931848,LL Hồng,1,unknown,viettablet
279,IPHONE 13,https://www.viettablet.com/iphone-13-128gb-chinh-hang-vn-a,4,128,17390000,2023-01-10 23:22:49.931848,VN ĐỏĐenXanh dương,1,unknown,viettablet
280,IPHONE 13,https://www.viettablet.com/iphone-13-128gb-chinh-hang-vn-a,4,128,18490000,2023-01-10 23:22:49.931848,VN TrắngXanh Lá,1,unknown,viettablet
281,IPHONE 13,https://www.viettablet.com/iphone-13-128gb-chinh-hang-vn-a,4,128,18590000,2023-01-10 23:22:49.931848,VN Hồng,1,unknown,viettablet
282,IPHONE SE 3,https://www.viettablet.com/iphone-se-32gb,4,32,1990000,2023-01-10 23:22:49.931848,PINK,1,unknown,viettablet
283,IPHONE SE 3,https://www.viettablet.com/iphone-se-32gb,4,32,2290000,2023-01-10 23:22:49.931848,WHITE,1,unknown,viettablet
284,IPHONE SE 3,https://www.viettablet.com/iphone-se-32gb,4,32,2290000,2023-01-10 23:22:49.931848,BLACK,1,unknown,viettablet
285,IPHONE SE 3,https://www.viettablet.com/iphone-se-32gb,4,32,2290000,2023-01-10 23:22:49.931848,Gold,1,unknown,viettablet
286,IPHONE SE,https://www.viettablet.com/iphone-se-2020-64gb-cu,2,64,4290000,2023-01-10 23:22:49.931848,RED,1,unknown,viettablet
287,IPHONE SE,https://www.viettablet.com/iphone-se-2020-64gb-cu,2,64,4290000,2023-01-10 23:22:49.931848,WHITE,1,unknown,viettablet
288,IPHONE SE,https://www.viettablet.com/iphone-se-64gb,2,64,2990000,2023-01-10 23:22:49.931848,BLACK,1,unknown,viettablet
289,IPHONE SE,https://www.viettablet.com/iphone-se-64gb,2,64,3190000,2023-01-10 23:22:49.931848,YELLOW,1,unknown,viettablet
290,IPHONE SE,https://www.viettablet.com/iphone-se-64gb,2,64,3190000,2023-01-10 23:22:49.931848,WHITE,1,unknown,viettablet
291,IPHONE 7 PLUS,https://www.viettablet.com/iphone-7-plus-lock-nhat,3,,3990000,2023-01-10 23:22:49.931848,PINK,1,unknown,viettablet
292,IPHONE 7 PLUS,https://www.viettablet.com/iphone-7-plus-lock-nhat,3,,3990000,2023-01-10 23:22:49.931848,BLACK,1,unknown,viettablet
293,IPHONE 7 PLUS,https://www.viettablet.com/iphone-7-plus-lock-nhat,3,,4290000,2023-01-10 23:22:49.931848,YELLOW,1,unknown,viettablet
294,IPHONE 6S,https://www.viettablet.com/iphone-6s-like-new-cu-99,2,16,2990000,2023-01-10 23:22:49.931848,WHITE,1,unknown,viettablet
295,IPHONE 6S,https://www.viettablet.com/iphone-6s-like-new-cu-99,2,16,3190000,2023-01-10 23:22:49.931848,PINK,1,unknown,viettablet
296,IPHONE 6S,https://www.viettablet.com/iphone-6s-like-new-cu-99,2,16,3190000,2023-01-10 23:22:49.931848,BLACK,1,unknown,viettablet
297,IPHONE 6S,https://www.viettablet.com/iphone-6s-like-new-cu-99,2,16,3190000,2023-01-10 23:22:49.931848,YELLOW,1,unknown,viettablet
298,IPHONE 6S PLUS,https://www.viettablet.com/iphone-6s-plus-64gb-like-new,2,64,3990000,2023-01-10 23:22:49.931848,PINK,1,unknown,viettablet
299,IPHONE 6S PLUS,https://www.viettablet.com/iphone-6s-plus-64gb-like-new,2,64,4390000,2023-01-10 23:22:49.931848,SILVER,1,unknown,viettablet
300,IPHONE 6S PLUS,https://www.viettablet.com/iphone-6s-plus-64gb-like-new,2,64,4590000,2023-01-10 23:22:49.931848,BLACK,1,unknown,viettablet
301,IPHONE 6S PLUS,https://www.viettablet.com/iphone-6s-plus-64gb-like-new,2,64,4990000,2023-01-10 23:22:49.931848,YELLOW,1,unknown,viettablet
302,IPHONE 7,https://www.viettablet.com/iphone-7-chua-active-troi-bao-hanh,2,32,3690000,2023-01-10 23:22:49.931848,WHITE,1,unknown,viettablet
303,IPHONE 7,https://www.viettablet.com/iphone-7-chua-active-troi-bao-hanh,2,32,3690000,2023-01-10 23:22:49.931848,Gold,1,unknown,viettablet
304,IPHONE 7,https://www.viettablet.com/iphone-7-chua-active-troi-bao-hanh,2,32,3690000,2023-01-10 23:22:49.931848,Đen Nhám,1,unknown,viettablet
305,IPHONE SE,https://www.viettablet.com/iphone-se-cu-like-new-99,2,16,1890000,2023-01-10 23:22:49.931848,PINK,1,unknown,viettablet
306,IPHONE SE,https://www.viettablet.com/iphone-se-cu-like-new-99,2,16,1990000,2023-01-10 23:22:49.931848,WHITE,1,unknown,viettablet
307,IPHONE SE,https://www.viettablet.com/iphone-se-cu-like-new-99,2,16,2090000,2023-01-10 23:22:49.931848,BLACK,1,unknown,viettablet
308,IPHONE SE,https://www.viettablet.com/iphone-se-cu-like-new-99,2,16,2190000,2023-01-10 23:22:49.931848,YELLOW,1,unknown,viettablet
309,IPHONE 6S,https://www.viettablet.com/iphone-6s-64-gb-like-new,2,64,2990000,2023-01-10 23:22:49.931848,WHITE,1,unknown,viettablet
310,IPHONE 6S,https://www.viettablet.com/iphone-6s-64-gb-like-new,2,64,3190000,2023-01-10 23:22:49.931848,BLACK,1,unknown,viettablet
311,IPHONE 6S,https://www.viettablet.com/iphone-6s-64-gb-like-new,2,64,3190000,2023-01-10 23:22:49.931848,YELLOW,1,unknown,viettablet
312,IPHONE 6S,https://www.viettablet.com/iphone-6s-64-gb-like-new,2,64,3190000,2023-01-10 23:22:49.931848,PINK,1,unknown,viettablet
313,IPHONE 13 PRO,https://www.viettablet.com/iphone-13-pro-128gb-chinh-hang-vn-a,6,128,23890000,2023-01-10 23:22:49.931848,LL ĐenTrắng,1,unknown,viettablet
314,IPHONE 13 PRO,https://www.viettablet.com/iphone-13-pro-128gb-chinh-hang-vn-a,6,128,24490000,2023-01-10 23:22:49.931848,LL BlueVàng,1,unknown,viettablet
315,IPHONE 13 PRO,https://www.viettablet.com/iphone-13-pro-128gb-chinh-hang-vn-a,6,128,24890000,2023-01-10 23:22:49.931848,LL Green,1,unknown,viettablet
316,IPHONE 13 PRO,https://www.viettablet.com/iphone-13-pro-128gb-chinh-hang-vn-a,6,128,24890000,2023-01-10 23:22:49.931848,VN ĐenTrắng,1,unknown,viettablet
317,IPHONE 13 PRO,https://www.viettablet.com/iphone-13-pro-128gb-chinh-hang-vn-a,6,128,24690000,2023-01-10 23:22:49.931848,VN BlueVàng,1,unknown,viettablet
318,IPHONE 13 PRO,https://www.viettablet.com/iphone-13-pro-128gb-chinh-hang-vn-a,6,128,24890000,2023-01-10 23:22:49.931848,VN Green,1,unknown,viettablet
319,IPHONE 13 PRO MAX,https://www.viettablet.com/iphone-13-pro-max-256gb-chinh-hang-vn-a,6,256,27490000,2023-01-10 23:22:49.931848,LL ĐenTrắng,1,unknown,viettablet
320,IPHONE 13 PRO MAX,https://www.viettablet.com/iphone-13-pro-max-256gb-chinh-hang-vn-a,6,256,28990000,2023-01-10 23:22:49.931848,LL BlueVàng,1,unknown,viettablet
321,IPHONE 13 PRO MAX,https://www.viettablet.com/iphone-13-pro-max-256gb-chinh-hang-vn-a,6,256,29090000,2023-01-10 23:22:49.931848,LL Green,1,unknown,viettablet
322,IPHONE 13 PRO MAX,https://www.viettablet.com/iphone-13-pro-max-256gb-chinh-hang-vn-a,6,256,29190000,2023-01-10 23:22:49.931848,VN ĐenTrắng,1,unknown,viettablet
323,IPHONE 13 PRO MAX,https://www.viettablet.com/iphone-13-pro-max-256gb-chinh-hang-vn-a,6,256,29290000,2023-01-10 23:22:49.931848,VN BlueVàng,1,unknown,viettablet
324,IPHONE 13 PRO MAX,https://www.viettablet.com/iphone-13-pro-max-256gb-chinh-hang-vn-a,6,256,29390000,2023-01-10 23:22:49.931848,VN Green,1,unknown,viettablet
325,APPLE WATCH SERIES 4,https://www.viettablet.com/apple-watch-series-4-44-mm-cu-like-new,unknown,,3490000,2023-01-10 23:22:49.931848,SILVER,1,unknown,viettablet
326,APPLE WATCH SERIES 4,https://www.viettablet.com/apple-watch-series-4-44-mm-cu-like-new,unknown,,3490000,2023-01-10 23:22:49.931848,BLACK,1,unknown,viettablet
327,IPHONE 7 PLUS,https://www.viettablet.com/iphone-7-plus-128gb-chua-active-troi-bao-hanh,3,128,6990000,2023-01-10 23:22:49.931848,PINK,1,unknown,viettablet
328,IPHONE 7 PLUS,https://www.viettablet.com/iphone-7-plus-128gb-chua-active-troi-bao-hanh,3,128,6990000,2023-01-10 23:22:49.931848,YELLOW,1,unknown,viettablet
329,IPHONE 7 PLUS,https://www.viettablet.com/iphone-7-plus-128gb-chua-active-troi-bao-hanh,3,128,6990000,2023-01-10 23:22:49.931848,BLACK,1,unknown,viettablet
330,IPHONE 6S PLUS,https://www.viettablet.com/iphone-6s-plus-like-new-cu-99,2,16,4690000,2023-01-10 23:22:49.931848,PINK,1,unknown,viettablet
331,IPHONE 6S PLUS,https://www.viettablet.com/iphone-6s-plus-like-new-cu-99,2,16,4790000,2023-01-10 23:22:49.931848,SILVER,1,unknown,viettablet
332,IPHONE 6S PLUS,https://www.viettablet.com/iphone-6s-plus-like-new-cu-99,2,16,4890000,2023-01-10 23:22:49.931848,BLACK,1,unknown,viettablet
333,IPHONE 6S PLUS,https://www.viettablet.com/iphone-6s-plus-like-new-cu-99,2,16,4890000,2023-01-10 23:22:49.931848,YELLOW,1,unknown,viettablet
334,IPHONE 12 PRO MAX,https://www.viettablet.com/iphone-12-pro-max-chua-active-tbh,6,128,18490000,2023-01-10 23:22:49.931848,BLACK,1,unknown,viettablet
335,IPHONE 12 PRO MAX,https://www.viettablet.com/iphone-12-pro-max-chua-active-tbh,6,128,18990000,2023-01-10 23:22:49.931848,BLUE,1,unknown,viettablet
336,IPHONE 12 PRO MAX,https://www.viettablet.com/iphone-12-pro-max-chua-active-tbh,6,128,19090000,2023-01-10 23:22:49.931848,WHITE,1,unknown,viettablet
337,IPHONE 12 PRO MAX,https://www.viettablet.com/iphone-12-pro-max-chua-active-tbh,6,128,19090000,2023-01-10 23:22:49.931848,YELLOW,1,unknown,viettablet
338,IPHONE 13 MINI,https://www.viettablet.com/iphone-13-mini-128gb-chinh-hang-vn-a,6,128,19390000,2023-01-10 23:22:49.931848,BLACK,1,unknown,viettablet
339,IPHONE 13 MINI,https://www.viettablet.com/iphone-13-mini-128gb-chinh-hang-vn-a,6,128,19390000,2023-01-10 23:22:49.931848,WHITE,1,unknown,viettablet
340,IPHONE 13 MINI,https://www.viettablet.com/iphone-13-mini-128gb-chinh-hang-vn-a,6,128,19390000,2023-01-10 23:22:49.931848,GREEN,1,unknown,viettablet
341,IPHONE 13 MINI,https://www.viettablet.com/iphone-13-mini-128gb-chinh-hang-vn-a,6,128,19390000,2023-01-10 23:22:49.931848,BLUE,1,unknown,viettablet
342,IPHONE 6S,https://www.viettablet.com/iphone-6s-lock,2,,2790000,2023-01-10 23:22:49.931848,Máy GB,1,unknown,viettablet
343,IPHONE 6S,https://www.viettablet.com/iphone-6s-lock,2,,3490000,2023-01-10 23:22:49.931848,Máy GB,1,unknown,viettablet
344,IPHONE 6,https://www.viettablet.com/iphone-6-like-new-cu-99,1,16,3690000,2023-01-10 23:22:49.931848,WHITE,1,unknown,viettablet
345,IPHONE 6,https://www.viettablet.com/iphone-6-like-new-cu-99,1,16,3690000,2023-01-10 23:22:49.931848,Gold,1,unknown,viettablet
346,IPHONE 13,https://www.viettablet.com/iphone-13-256gb-chinh-hang-vn-a,4,256,21190000,2023-01-10 23:22:49.931848,LL ĐỏĐenXanh Dương,1,unknown,viettablet
347,IPHONE 13,https://www.viettablet.com/iphone-13-256gb-chinh-hang-vn-a,4,256,21490000,2023-01-10 23:22:49.931848,LL Trắng Xanh Lá,1,unknown,viettablet
348,IPHONE 13,https://www.viettablet.com/iphone-13-256gb-chinh-hang-vn-a,4,256,21590000,2023-01-10 23:22:49.931848,LL Hồng,1,unknown,viettablet
349,IPHONE 13,https://www.viettablet.com/iphone-13-256gb-chinh-hang-vn-a,4,256,21690000,2023-01-10 23:22:49.931848,VN ĐỏĐenXanh dương,1,unknown,viettablet
350,IPHONE 13,https://www.viettablet.com/iphone-13-256gb-chinh-hang-vn-a,4,256,21890000,2023-01-10 23:22:49.931848,VN TrắngXanh Lá,1,unknown,viettablet
351,IPHONE 13,https://www.viettablet.com/iphone-13-256gb-chinh-hang-vn-a,4,256,21990000,2023-01-10 23:22:49.931848,VN Hồng,1,unknown,viettablet
352,IPHONE 13 PRO,https://www.viettablet.com/iphone-13-pro-128gb-chinh-hang-like-new-99,6,128,18590000,2023-01-10 23:22:49.931848,Trắng Vàng,1,unknown,viettablet
353,IPHONE 13 PRO,https://www.viettablet.com/iphone-13-pro-128gb-chinh-hang-like-new-99,6,128,18590000,2023-01-10 23:22:49.931848,BLUE,1,unknown,viettablet
354,IPHONE 13 PRO,https://www.viettablet.com/iphone-13-pro-128gb-chinh-hang-like-new-99,6,128,18590000,2023-01-10 23:22:49.931848,VNA Xám,1,unknown,viettablet
355,IPHONE 13 PRO,https://www.viettablet.com/iphone-13-pro-128gb-chinh-hang-like-new-99,6,128,19590000,2023-01-10 23:22:49.931848,VNA Trắng Vàng,1,unknown,viettablet
356,IPHONE 13 PRO,https://www.viettablet.com/iphone-13-pro-128gb-chinh-hang-like-new-99,6,128,19590000,2023-01-10 23:22:49.931848,VNA Xanh,1,unknown,viettablet
357,IPHONE 13,https://www.viettablet.com/iphone-13-128gb-chinh-hang-vn-a-like-new,4,128,14390000,2023-01-10 23:22:49.931848,ĐenTrắng,1,unknown,viettablet
358,IPHONE 13,https://www.viettablet.com/iphone-13-128gb-chinh-hang-vn-a-like-new,4,128,14890000,2023-01-10 23:22:49.931848,ĐỏXanh Dương,1,unknown,viettablet
359,IPHONE 13,https://www.viettablet.com/iphone-13-128gb-chinh-hang-vn-a-like-new,4,128,14990000,2023-01-10 23:22:49.931848,GREEN,1,unknown,viettablet
360,IPHONE 13,https://www.viettablet.com/iphone-13-128gb-chinh-hang-vn-a-like-new,4,128,14990000,2023-01-10 23:22:49.931848,PINK,1,unknown,viettablet
361,IPHONE 13 PRO,https://www.viettablet.com/iphone-13-pro-256gb-chinh-hang-vn-a,6,256,26290000,2023-01-10 23:22:49.931848,LL ĐenTrắng,1,unknown,viettablet
362,IPHONE 13 PRO,https://www.viettablet.com/iphone-13-pro-256gb-chinh-hang-vn-a,6,256,26590000,2023-01-10 23:22:49.931848,LL BlueVàng,1,unknown,viettablet
363,IPHONE 13 PRO,https://www.viettablet.com/iphone-13-pro-256gb-chinh-hang-vn-a,6,256,26590000,2023-01-10 23:22:49.931848,LL Green,1,unknown,viettablet
364,IPHONE 13 PRO,https://www.viettablet.com/iphone-13-pro-256gb-chinh-hang-vn-a,6,256,26590000,2023-01-10 23:22:49.931848,VN ĐenTrắng,1,unknown,viettablet
365,IPHONE 13 PRO,https://www.viettablet.com/iphone-13-pro-256gb-chinh-hang-vn-a,6,256,26690000,2023-01-10 23:22:49.931848,VN BlueVàng,1,unknown,viettablet
366,IPHONE 13 PRO,https://www.viettablet.com/iphone-13-pro-256gb-chinh-hang-vn-a,6,256,27490000,2023-01-10 23:22:49.931848,VN Green,1,unknown,viettablet
367,IPHONE 13,https://www.viettablet.com/iphone-13-512gb-chinh-hang-vn-a,4,512,22990000,2023-01-10 23:22:49.931848,LL ĐỏĐenXanh Dương,1,unknown,viettablet
368,IPHONE 13,https://www.viettablet.com/iphone-13-512gb-chinh-hang-vn-a,4,512,23290000,2023-01-10 23:22:49.931848,LL Trắng Xanh Lá,1,unknown,viettablet
369,IPHONE 13,https://www.viettablet.com/iphone-13-512gb-chinh-hang-vn-a,4,512,23290000,2023-01-10 23:22:49.931848,LL Hồng,1,unknown,viettablet
370,IPHONE 13,https://www.viettablet.com/iphone-13-512gb-chinh-hang-vn-a,4,512,23590000,2023-01-10 23:22:49.931848,VN ĐỏĐenXanh dương,1,unknown,viettablet
371,IPHONE 13,https://www.viettablet.com/iphone-13-512gb-chinh-hang-vn-a,4,512,23390000,2023-01-10 23:22:49.931848,VN TrắngXanh Lá,1,unknown,viettablet
372,IPHONE 13,https://www.viettablet.com/iphone-13-512gb-chinh-hang-vn-a,4,512,23590000,2023-01-10 23:22:49.931848,VN Hồng,1,unknown,viettablet
373,IPHONE 13 PRO MAX,https://www.viettablet.com/iphone-13-pro-max-512gb-chinh-hang-vn-a,6,512,31490000,2023-01-10 23:22:49.931848,LL ĐenTrắng,1,unknown,viettablet
374,IPHONE 13 PRO MAX,https://www.viettablet.com/iphone-13-pro-max-512gb-chinh-hang-vn-a,6,512,32790000,2023-01-10 23:22:49.931848,LL BlueVàng,1,unknown,viettablet
375,IPHONE 13 PRO MAX,https://www.viettablet.com/iphone-13-pro-max-512gb-chinh-hang-vn-a,6,512,32990000,2023-01-10 23:22:49.931848,LL Green,1,unknown,viettablet
376,IPHONE 13 PRO MAX,https://www.viettablet.com/iphone-13-pro-max-512gb-chinh-hang-vn-a,6,512,33190000,2023-01-10 23:22:49.931848,VN ĐenTrắng,1,unknown,viettablet
377,IPHONE 13 PRO MAX,https://www.viettablet.com/iphone-13-pro-max-512gb-chinh-hang-vn-a,6,512,33890000,2023-01-10 23:22:49.931848,VN BlueVàng,1,unknown,viettablet
378,IPHONE 13 PRO MAX,https://www.viettablet.com/iphone-13-pro-max-512gb-chinh-hang-vn-a,6,512,34090000,2023-01-10 23:22:49.931848,VN Green,1,unknown,viettablet
379,IPHONE 6S,https://www.viettablet.com/iphone-6s-128gb,2,128,4990000,2023-01-10 23:22:49.931848,YELLOW,1,unknown,viettablet
380,IPHONE 6S,https://www.viettablet.com/iphone-6s-128gb,2,128,4990000,2023-01-10 23:22:49.931848,WHITE,1,unknown,viettablet
381,IPHONE SE,https://www.viettablet.com/iphone-se-2020-128gb-like-new-99,2,128,4990000,2023-01-10 23:22:49.931848,RED,1,unknown,viettablet
382,IPHONE SE,https://www.viettablet.com/iphone-se-2020-128gb-like-new-99,2,128,4990000,2023-01-10 23:22:49.931848,WHITE,1,unknown,viettablet
383,IPHONE 12 PRO MAX,https://www.viettablet.com/iphone-12-pro-max-256gb-chua-active-troi-bao-hanh,6,256,18990000,2023-01-10 23:22:49.931848,WHITE,1,unknown,viettablet
384,IPHONE 12 PRO MAX,https://www.viettablet.com/iphone-12-pro-max-256gb-chua-active-troi-bao-hanh,6,256,19290000,2023-01-10 23:22:49.931848,YELLOW,1,unknown,viettablet
385,IPHONE 12 PRO MAX,https://www.viettablet.com/iphone-12-pro-max-256gb-chua-active-troi-bao-hanh,6,256,19490000,2023-01-10 23:22:49.931848,BLUE,1,unknown,viettablet
386,APPLE WATCH SERIES 3,https://www.viettablet.com/apple-watch-series-3-38-mm-lte-ban-thep-cu-like-new-99,unknown,,3290000,2023-01-10 23:22:49.931848,BLACK,1,unknown,viettablet
387,APPLE WATCH SERIES 3,https://www.viettablet.com/apple-watch-series-3-38-mm-lte-ban-thep-cu-like-new-99,unknown,,3490000,2023-01-10 23:22:49.931848,WHITE,1,unknown,viettablet
388,APPLE WATCH SERIES 3,https://www.viettablet.com/apple-watch-series-3-38-mm-lte-ban-thep-cu-like-new-99,unknown,,3590000,2023-01-10 23:22:49.931848,YELLOW,1,unknown,viettablet
389,IPHONE 13 PRO MAX,https://www.viettablet.com/iphone-13-pro-max-1tb-chinh-hang-vn-a,6,1024,32490000,2023-01-10 23:22:49.931848,LL ĐenTrắng,1,unknown,viettablet
390,IPHONE 13 PRO MAX,https://www.viettablet.com/iphone-13-pro-max-1tb-chinh-hang-vn-a,6,1024,32790000,2023-01-10 23:22:49.931848,LL BlueVàng,1,unknown,viettablet
391,IPHONE 13 PRO MAX,https://www.viettablet.com/iphone-13-pro-max-1tb-chinh-hang-vn-a,6,1024,32990000,2023-01-10 23:22:49.931848,LL Green,1,unknown,viettablet
392,IPHONE 13 PRO MAX,https://www.viettablet.com/iphone-13-pro-max-1tb-chinh-hang-vn-a,6,1024,33390000,2023-01-10 23:22:49.931848,VN ĐenTrắng,1,unknown,viettablet
393,IPHONE 13 PRO MAX,https://www.viettablet.com/iphone-13-pro-max-1tb-chinh-hang-vn-a,6,1024,34090000,2023-01-10 23:22:49.931848,VN BlueVàng,1,unknown,viettablet
394,IPHONE 13 PRO MAX,https://www.viettablet.com/iphone-13-pro-max-1tb-chinh-hang-vn-a,6,1024,34090000,2023-01-10 23:22:49.931848,VN Green,1,unknown,viettablet
395,IPHONE 14 PRO MAX,https://www.viettablet.com/iphone-14-pro-max-128gb-chinh-hang-vn-a,6,128,28290000,2023-01-10 23:22:49.931848,LL ĐenVàng,1,unknown,viettablet
396,IPHONE 14 PRO MAX,https://www.viettablet.com/iphone-14-pro-max-128gb-chinh-hang-vn-a,6,128,29090000,2023-01-10 23:22:49.931848,LL Trắng,1,unknown,viettablet
397,IPHONE 14 PRO MAX,https://www.viettablet.com/iphone-14-pro-max-128gb-chinh-hang-vn-a,6,128,29190000,2023-01-10 23:22:49.931848,LL Tím,1,unknown,viettablet
398,IPHONE 14 PRO MAX,https://www.viettablet.com/iphone-14-pro-max-128gb-chinh-hang-vn-a,6,128,29590000,2023-01-10 23:22:49.931848,VN Tím,1,unknown,viettablet
399,IPHONE 14 PRO MAX,https://www.viettablet.com/iphone-14-pro-max-128gb-chinh-hang-vn-a,6,128,30390000,2023-01-10 23:22:49.931848,VN Đen,1,unknown,viettablet
400,IPHONE 14 PRO MAX,https://www.viettablet.com/iphone-14-pro-max-128gb-chinh-hang-vn-a,6,128,30590000,2023-01-10 23:22:49.931848,VN Trắng,1,unknown,viettablet
401,IPHONE 14 PRO MAX,https://www.viettablet.com/iphone-14-pro-max-128gb-chinh-hang-vn-a,6,128,31090000,2023-01-10 23:22:49.931848,VN Vàng,1,unknown,viettablet
402,IPHONE 13 PRO,https://www.viettablet.com/iphone-13-pro-512gb-chinh-hang-vn-a,6,512,29490000,2023-01-10 23:22:49.931848,LL ĐenTrắng,1,unknown,viettablet
403,IPHONE 13 PRO,https://www.viettablet.com/iphone-13-pro-512gb-chinh-hang-vn-a,6,512,30890000,2023-01-10 23:22:49.931848,LL BlueVàng,1,unknown,viettablet
404,IPHONE 13 PRO,https://www.viettablet.com/iphone-13-pro-512gb-chinh-hang-vn-a,6,512,30890000,2023-01-10 23:22:49.931848,LL Green,1,unknown,viettablet
405,IPHONE 13 PRO,https://www.viettablet.com/iphone-13-pro-512gb-chinh-hang-vn-a,6,512,30890000,2023-01-10 23:22:49.931848,VN ĐenTrắng,1,unknown,viettablet
406,IPHONE 13 PRO,https://www.viettablet.com/iphone-13-pro-512gb-chinh-hang-vn-a,6,512,30890000,2023-01-10 23:22:49.931848,VN BlueVàng,1,unknown,viettablet
407,IPHONE 13 PRO,https://www.viettablet.com/iphone-13-pro-512gb-chinh-hang-vn-a,6,512,30890000,2023-01-10 23:22:49.931848,VN Green,1,unknown,viettablet
408,IPHONE 8 PLUS,https://www.viettablet.com/iphone-8-plus-128gb-like-new-99,2,128,4590000,2023-01-10 23:22:49.931848,WHITE,1,unknown,viettablet
409,IPHONE 8 PLUS,https://www.viettablet.com/iphone-8-plus-128gb-like-new-99,2,128,4890000,2023-01-10 23:22:49.931848,YELLOW,1,unknown,viettablet
410,IPHONE 8 PLUS,https://www.viettablet.com/iphone-8-plus-128gb-like-new-99,2,128,4990000,2023-01-10 23:22:49.931848,BLACK,1,unknown,viettablet
411,IPHONE 13 PRO,https://www.viettablet.com/iphone-13-pro-256gb-chinh-hang-vn-a-like-new,6,256,19590000,2023-01-10 23:22:49.931848,Trắng Vàng,1,unknown,viettablet
412,IPHONE 13 PRO,https://www.viettablet.com/iphone-13-pro-256gb-chinh-hang-vn-a-like-new,6,256,19590000,2023-01-10 23:22:49.931848,BLUE,1,unknown,viettablet
413,IPHONE 13 PRO,https://www.viettablet.com/iphone-13-pro-256gb-chinh-hang-vn-a-like-new,6,256,19590000,2023-01-10 23:22:49.931848,Xám VNA,1,unknown,viettablet
414,IPHONE 13 PRO,https://www.viettablet.com/iphone-13-pro-256gb-chinh-hang-vn-a-like-new,6,256,20590000,2023-01-10 23:22:49.931848,Trắng Vàng VNA,1,unknown,viettablet
415,IPHONE 13 PRO,https://www.viettablet.com/iphone-13-pro-256gb-chinh-hang-vn-a-like-new,6,256,20590000,2023-01-10 23:22:49.931848,Xanh VNA,1,unknown,viettablet
416,IPHONE 13 MINI,https://www.viettablet.com/iphone-13-mini-256gb-chinh-hang-vn-a,6,256,22290000,2023-01-10 23:22:49.931848,WHITE,1,unknown,viettablet
417,IPHONE 13 MINI,https://www.viettablet.com/iphone-13-mini-256gb-chinh-hang-vn-a,6,256,22290000,2023-01-10 23:22:49.931848,BLACK,1,unknown,viettablet
418,IPHONE 13 MINI,https://www.viettablet.com/iphone-13-mini-256gb-chinh-hang-vn-a,6,256,22290000,2023-01-10 23:22:49.931848,BLUE,1,unknown,viettablet
419,IPHONE 13 MINI,https://www.viettablet.com/iphone-13-mini-256gb-chinh-hang-vn-a,6,256,22290000,2023-01-10 23:22:49.931848,RED,1,unknown,viettablet
420,APPLE WATCH SERIES 4,https://www.viettablet.com/apple-watch-series-4-40-mm-esim-cu-like-new-99-clone,unknown,,3190000,2023-01-10 23:22:49.931848,BLACK,1,unknown,viettablet
421,APPLE WATCH SERIES 4,https://www.viettablet.com/apple-watch-series-4-40-mm-esim-cu-like-new-99-clone,unknown,,3490000,2023-01-10 23:22:49.931848,Bac,1,unknown,viettablet
422,APPLE WATCH SERIES 4,https://www.viettablet.com/apple-watch-series-4-40-mm-esim-cu-like-new-99-clone,unknown,,3590000,2023-01-10 23:22:49.931848,PINK,1,unknown,viettablet
423,IPHONE 12,https://www.viettablet.com/iphone-12-256gb-like-new-99,4,256,11990000,2023-01-10 23:22:49.931848,PURPLE,1,unknown,viettablet
424,IPHONE 12,https://www.viettablet.com/iphone-12-256gb-like-new-99,4,256,12790000,2023-01-10 23:22:49.931848,BLACK,1,unknown,viettablet
425,IPHONE 12,https://www.viettablet.com/iphone-12-256gb-like-new-99,4,256,12790000,2023-01-10 23:22:49.931848,RED,1,unknown,viettablet
426,IPHONE 12,https://www.viettablet.com/iphone-12-256gb-like-new-99,4,256,12790000,2023-01-10 23:22:49.931848,YELLOW,1,unknown,viettablet
427,IPHONE 12,https://www.viettablet.com/iphone-12-256gb-like-new-99,4,256,12790000,2023-01-10 23:22:49.931848,BLUE,1,unknown,viettablet
428,IPHONE 12,https://www.viettablet.com/iphone-12-256gb-like-new-99,4,256,12790000,2023-01-10 23:22:49.931848,WHITE,1,unknown,viettablet
429,IPHONE 13 MINI,https://www.viettablet.com/iphone-13-mini-512gb-chinh-hang-vn-a,6,512,30990000,2023-01-10 23:22:49.931848,WHITE,1,unknown,viettablet
430,IPHONE 13 MINI,https://www.viettablet.com/iphone-13-mini-512gb-chinh-hang-vn-a,6,512,30990000,2023-01-10 23:22:49.931848,BLUE,1,unknown,viettablet
431,IPHONE 13 MINI,https://www.viettablet.com/iphone-13-mini-512gb-chinh-hang-vn-a,6,512,30990000,2023-01-10 23:22:49.931848,PINK,1,unknown,viettablet
432,IPHONE 13 MINI,https://www.viettablet.com/iphone-13-mini-512gb-chinh-hang-vn-a,6,512,30990000,2023-01-10 23:22:49.931848,RED,1,unknown,viettablet
433,IPHONE 13 PRO,https://www.viettablet.com/iphone-13-pro-1tb-chinh-hang-vn-a,6,1024,33690000,2023-01-10 23:22:49.931848,LL ĐenTrắng,1,unknown,viettablet
434,IPHONE 13 PRO,https://www.viettablet.com/iphone-13-pro-1tb-chinh-hang-vn-a,6,1024,33990000,2023-01-10 23:22:49.931848,LL BlueVàng,1,unknown,viettablet
435,IPHONE 13 PRO,https://www.viettablet.com/iphone-13-pro-1tb-chinh-hang-vn-a,6,1024,34190000,2023-01-10 23:22:49.931848,LL Green,1,unknown,viettablet
436,IPHONE 13 PRO,https://www.viettablet.com/iphone-13-pro-1tb-chinh-hang-vn-a,6,1024,34490000,2023-01-10 23:22:49.931848,VN ĐenTrắng,1,unknown,viettablet
437,IPHONE 13 PRO,https://www.viettablet.com/iphone-13-pro-1tb-chinh-hang-vn-a,6,1024,34690000,2023-01-10 23:22:49.931848,VN BlueVàng,1,unknown,viettablet
438,IPHONE 13 PRO,https://www.viettablet.com/iphone-13-pro-1tb-chinh-hang-vn-a,6,1024,34990000,2023-01-10 23:22:49.931848,VN Green,1,unknown,viettablet
439,IPHONE 6,https://www.viettablet.com/iphone-6-64gb-like-new,1,64,4390000,2023-01-10 23:22:49.931848,WHITE,1,unknown,viettablet
440,IPHONE 6,https://www.viettablet.com/iphone-6-64gb-like-new,1,64,4490000,2023-01-10 23:22:49.931848,Gold,1,unknown,viettablet
441,IPHONE 14 PRO MAX,https://www.viettablet.com/iphone-14-pro-max-128gb-chinh-hang-vn-a-like-new-99,6,128,0,2023-01-10 23:22:49.931848,SILVER,1,unknown,viettablet
442,IPHONE 14 PRO MAX,https://www.viettablet.com/iphone-14-pro-max-128gb-chinh-hang-vn-a-like-new-99,6,128,0,2023-01-10 23:22:49.931848,YELLOW,1,unknown,viettablet
443,IPHONE XR,https://www.viettablet.com/iphone-xr-lock-128gb-moi-100,3,128,9990000,2023-01-10 23:22:49.931848,BLUE,1,unknown,viettablet
444,IPHONE XR,https://www.viettablet.com/iphone-xr-lock-128gb-moi-100,3,128,10190000,2023-01-10 23:22:49.931848,BLACK,1,unknown,viettablet
445,IPHONE 14 PRO,https://www.viettablet.com/iphone-14-pro-128gb-chinh-hang-vn-a,6,128,27690000,2023-01-10 23:22:49.931848,SILVER,1,unknown,viettablet
446,IPHONE 14 PRO,https://www.viettablet.com/iphone-14-pro-128gb-chinh-hang-vn-a,6,128,27790000,2023-01-10 23:22:49.931848,PURPLE,1,unknown,viettablet
447,IPHONE 14 PRO,https://www.viettablet.com/iphone-14-pro-128gb-chinh-hang-vn-a,6,128,27890000,2023-01-10 23:22:49.931848,YELLOW,1,unknown,viettablet
448,IPHONE 14 PRO MAX,https://www.viettablet.com/iphone-14-pro-max-256gb-chinh-hang-vn-a,6,256,29890000,2023-01-10 23:22:49.931848,LL Tím,1,unknown,viettablet
449,IPHONE 14 PRO MAX,https://www.viettablet.com/iphone-14-pro-max-256gb-chinh-hang-vn-a,6,256,30690000,2023-01-10 23:22:49.931848,LL Đen,1,unknown,viettablet
450,IPHONE 14 PRO MAX,https://www.viettablet.com/iphone-14-pro-max-256gb-chinh-hang-vn-a,6,256,30790000,2023-01-10 23:22:49.931848,LL VàngTrắng,1,unknown,viettablet
451,IPHONE 14 PRO MAX,https://www.viettablet.com/iphone-14-pro-max-256gb-chinh-hang-vn-a,6,256,30890000,2023-01-10 23:22:49.931848,VN Tím,1,unknown,viettablet
452,IPHONE 14 PRO MAX,https://www.viettablet.com/iphone-14-pro-max-256gb-chinh-hang-vn-a,6,256,33190000,2023-01-10 23:22:49.931848,VN Đen,1,unknown,viettablet
453,IPHONE 14 PRO MAX,https://www.viettablet.com/iphone-14-pro-max-256gb-chinh-hang-vn-a,6,256,33690000,2023-01-10 23:22:49.931848,VN Vàng,1,unknown,viettablet
454,IPHONE 14 PRO MAX,https://www.viettablet.com/iphone-14-pro-max-256gb-chinh-hang-vn-a,6,256,33890000,2023-01-10 23:22:49.931848,VN Trắng,1,unknown,viettablet
455,IPHONE SE 3,https://www.viettablet.com/iphone-se-plus-2020,4,64,12990000,2023-01-10 23:22:49.931848,WHITE,1,unknown,viettablet
456,IPHONE SE 3,https://www.viettablet.com/iphone-se-plus-2020,4,64,12990000,2023-01-10 23:22:49.931848,RED,1,unknown,viettablet
457,IPHONE SE,https://www.viettablet.com/iphone-se-2020-256gb-like-new-99,2,256,5590000,2023-01-10 23:22:49.931848,RED,1,unknown,viettablet
458,IPHONE SE,https://www.viettablet.com/iphone-se-2020-256gb-like-new-99,2,256,5590000,2023-01-10 23:22:49.931848,WHITE,1,unknown,viettablet
459,IPHONE 12 PRO MAX,https://www.viettablet.com/iphone-12-pro-max-512gb-chua-active-troi-bao-hanh,6,512,19890000,2023-01-10 23:22:49.931848,BLACK,1,unknown,viettablet
460,IPHONE 12 PRO MAX,https://www.viettablet.com/iphone-12-pro-max-512gb-chua-active-troi-bao-hanh,6,512,19890000,2023-01-10 23:22:49.931848,RED,1,unknown,viettablet
461,IPHONE 12 PRO MAX,https://www.viettablet.com/iphone-12-pro-max-512gb-chua-active-troi-bao-hanh,6,512,19890000,2023-01-10 23:22:49.931848,YELLOW,1,unknown,viettablet
462,IPHONE 12 PRO MAX,https://www.viettablet.com/iphone-12-pro-max-512gb-chua-active-troi-bao-hanh,6,512,19890000,2023-01-10 23:22:49.931848,BLUE,1,unknown,viettablet
463,IPHONE 12 PRO MAX,https://www.viettablet.com/iphone-12-pro-max-512gb-chua-active-troi-bao-hanh,6,512,19890000,2023-01-10 23:22:49.931848,WHITE,1,unknown,viettablet
464,IPHONE 14,https://www.viettablet.com/iphone-14-128gb-chinh-hang-vn-a,6,128,19990000,2023-01-10 23:22:49.931848,WHITE,1,unknown,viettablet
465,IPHONE 14,https://www.viettablet.com/iphone-14-128gb-chinh-hang-vn-a,6,128,20290000,2023-01-10 23:22:49.931848,BLACK,1,unknown,viettablet
466,IPHONE 14,https://www.viettablet.com/iphone-14-128gb-chinh-hang-vn-a,6,128,20290000,2023-01-10 23:22:49.931848,PURPLE,1,unknown,viettablet
467,IPHONE 14,https://www.viettablet.com/iphone-14-128gb-chinh-hang-vn-a,6,128,20290000,2023-01-10 23:22:49.931848,BLUE,1,unknown,viettablet
468,IPHONE 14 PRO,https://www.viettablet.com/iphone-14-pro-256gb-chinh-hang-vn-a,6,256,29890000,2023-01-10 23:22:49.931848,PURPLE,1,unknown,viettablet
469,IPHONE 14 PRO,https://www.viettablet.com/iphone-14-pro-256gb-chinh-hang-vn-a,6,256,30190000,2023-01-10 23:22:49.931848,BLACK,1,unknown,viettablet
470,IPHONE 14 PRO,https://www.viettablet.com/iphone-14-pro-256gb-chinh-hang-vn-a,6,256,30690000,2023-01-10 23:22:49.931848,SILVER,1,unknown,viettablet
471,IPHONE SE 3,https://www.viettablet.com/iphone-se-3-2022-128gb-chinh-hang-vn,4,128,14990000,2023-01-10 23:22:49.931848,WHITE,1,unknown,viettablet
472,IPHONE SE 3,https://www.viettablet.com/iphone-se-3-2022-128gb-chinh-hang-vn,4,128,14990000,2023-01-10 23:22:49.931848,RED,1,unknown,viettablet
473,IPHONE 14 PRO,https://www.viettablet.com/iphone-14-pro-128gb-chinh-hang-vn-a-like-new-99,6,128,0,2023-01-10 23:22:49.931848,SILVER,1,unknown,viettablet
474,IPHONE 14 PRO,https://www.viettablet.com/iphone-14-pro-128gb-chinh-hang-vn-a-like-new-99,6,128,0,2023-01-10 23:22:49.931848,YELLOW,1,unknown,viettablet
475,IPHONE 14 PRO,https://www.viettablet.com/iphone-14-pro-128gb-chinh-hang-vn-a-like-new-99,6,128,0,2023-01-10 23:22:49.931848,PURPLE,1,unknown,viettablet
476,IPHONE SE 3,https://www.viettablet.com/iphone-se-3-2022-256gb-chinh-hang-vn-a,4,256,17990000,2023-01-10 23:22:49.931848,WHITE,1,unknown,viettablet
477,IPHONE SE 3,https://www.viettablet.com/iphone-se-3-2022-256gb-chinh-hang-vn-a,4,256,17990000,2023-01-10 23:22:49.931848,RED,1,unknown,viettablet
478,IPHONE 14 PRO MAX,https://www.viettablet.com/iphone-14-pro-max-1tb-chinh-hang-vn-a,6,1024,37490000,2023-01-10 23:22:49.931848,LL Vàng,1,unknown,viettablet
479,IPHONE 14 PRO MAX,https://www.viettablet.com/iphone-14-pro-max-1tb-chinh-hang-vn-a,6,1024,38290000,2023-01-10 23:22:49.931848,LL ĐenTrắng,1,unknown,viettablet
480,IPHONE 14 PRO MAX,https://www.viettablet.com/iphone-14-pro-max-1tb-chinh-hang-vn-a,6,1024,38590000,2023-01-10 23:22:49.931848,LL Tím,1,unknown,viettablet
481,IPHONE 14 PRO MAX,https://www.viettablet.com/iphone-14-pro-max-1tb-chinh-hang-vn-a,6,1024,38890000,2023-01-10 23:22:49.931848,VN Tím,1,unknown,viettablet
482,IPHONE 14 PRO MAX,https://www.viettablet.com/iphone-14-pro-max-1tb-chinh-hang-vn-a,6,1024,44890000,2023-01-10 23:22:49.931848,VN ĐenTrắng,1,unknown,viettablet
483,IPHONE 14 PRO MAX,https://www.viettablet.com/iphone-14-pro-max-1tb-chinh-hang-vn-a,6,1024,46090000,2023-01-10 23:22:49.931848,VN Vàng,1,unknown,viettablet
484,IPHONE 13 PRO,https://www.viettablet.com/iphone-13-pro-512gb-chinh-hang-vn-a-like-new,6,512,20990000,2023-01-10 23:22:49.931848,SILVER,1,unknown,viettablet
485,IPHONE 13 PRO,https://www.viettablet.com/iphone-13-pro-512gb-chinh-hang-vn-a-like-new,6,512,20990000,2023-01-10 23:22:49.931848,YELLOW,1,unknown,viettablet
486,IPHONE 13 PRO,https://www.viettablet.com/iphone-13-pro-512gb-chinh-hang-vn-a-like-new,6,512,20990000,2023-01-10 23:22:49.931848,BLUE,1,unknown,viettablet
487,IPHONE 14 PRO,https://www.viettablet.com/iphone-14-pro-512gb-chinh-hang-vn-a,6,512,36290000,2023-01-10 23:22:49.931848,SILVER,1,unknown,viettablet
488,IPHONE 14 PRO,https://www.viettablet.com/iphone-14-pro-512gb-chinh-hang-vn-a,6,512,36290000,2023-01-10 23:22:49.931848,YELLOW,1,unknown,viettablet
489,IPHONE 14 PRO,https://www.viettablet.com/iphone-14-pro-512gb-chinh-hang-vn-a,6,512,36290000,2023-01-10 23:22:49.931848,PURPLE,1,unknown,viettablet
490,IPHONE 14,https://www.viettablet.com/iphone-14-256gb-chinh-hang-vn-a,6,256,23090000,2023-01-10 23:22:49.931848,PINK,1,unknown,viettablet
491,IPHONE 14,https://www.viettablet.com/iphone-14-256gb-chinh-hang-vn-a,6,256,23090000,2023-01-10 23:22:49.931848,RED,1,unknown,viettablet
492,IPHONE 14,https://www.viettablet.com/iphone-14-256gb-chinh-hang-vn-a,6,256,23090000,2023-01-10 23:22:49.931848,BLUE,1,unknown,viettablet
493,IPHONE 14,https://www.viettablet.com/iphone-14-256gb-chinh-hang-vn-a,6,256,23090000,2023-01-10 23:22:49.931848,PURPLE,1,unknown,viettablet
494,IPHONE 14 PRO MAX,https://www.viettablet.com/iphone-14-pro-max-512gb-chinh-hang-vn-a,6,512,34890000,2023-01-10 23:22:49.931848,LL ĐenTrắng,1,unknown,viettablet
495,IPHONE 14 PRO MAX,https://www.viettablet.com/iphone-14-pro-max-512gb-chinh-hang-vn-a,6,512,35690000,2023-01-10 23:22:49.931848,LL Vàng,1,unknown,viettablet
496,IPHONE 14 PRO MAX,https://www.viettablet.com/iphone-14-pro-max-512gb-chinh-hang-vn-a,6,512,35690000,2023-01-10 23:22:49.931848,LL Tím,1,unknown,viettablet
497,IPHONE 14 PRO MAX,https://www.viettablet.com/iphone-14-pro-max-512gb-chinh-hang-vn-a,6,512,35790000,2023-01-10 23:22:49.931848,VN Tím,1,unknown,viettablet
498,IPHONE 14 PRO MAX,https://www.viettablet.com/iphone-14-pro-max-512gb-chinh-hang-vn-a,6,512,38890000,2023-01-10 23:22:49.931848,VN Đen,1,unknown,viettablet
499,IPHONE 14 PRO MAX,https://www.viettablet.com/iphone-14-pro-max-512gb-chinh-hang-vn-a,6,512,39390000,2023-01-10 23:22:49.931848,VN Trắng,1,unknown,viettablet
500,IPHONE 14 PRO MAX,https://www.viettablet.com/iphone-14-pro-max-512gb-chinh-hang-vn-a,6,512,40290000,2023-01-10 23:22:49.931848,VN Vàng,1,unknown,viettablet
501,IPHONE 14 PRO,https://www.viettablet.com/iphone-14-pro-1tb-chinh-hang-vn-a,6,1024,40190000,2023-01-10 23:22:49.931848,SILVER,1,unknown,viettablet
502,IPHONE 14 PRO,https://www.viettablet.com/iphone-14-pro-1tb-chinh-hang-vn-a,6,1024,40190000,2023-01-10 23:22:49.931848,YELLOW,1,unknown,viettablet
503,IPHONE 14 PRO,https://www.viettablet.com/iphone-14-pro-1tb-chinh-hang-vn-a,6,1024,40190000,2023-01-10 23:22:49.931848,PURPLE,1,unknown,viettablet
504,IPHONE 14,https://www.viettablet.com/iphone-14-512gb-chinh-hang-vn-a,6,512,32990000,2023-01-10 23:22:49.931848,PINK,1,unknown,viettablet
505,IPHONE 14,https://www.viettablet.com/iphone-14-512gb-chinh-hang-vn-a,6,512,32990000,2023-01-10 23:22:49.931848,RED,1,unknown,viettablet
506,IPHONE 14,https://www.viettablet.com/iphone-14-512gb-chinh-hang-vn-a,6,512,32990000,2023-01-10 23:22:49.931848,BLUE,1,unknown,viettablet
507,IPHONE 14,https://www.viettablet.com/iphone-14-512gb-chinh-hang-vn-a,6,512,32990000,2023-01-10 23:22:49.931848,PURPLE,1,unknown,viettablet
