,name,url,ram,rom,price,createdDate,color,status,url_img
0,IPHONE 13 PRO MAX,https://viettelstore.vn/dien-thoai/iphone-13-pro-max-256gb-pid288668.html,6,256,29990000,2022-11-27 15:15:57.192847,SIERRA BLUE,0,https://cdn1.viettelstore.vn/Images/Product/ProductImage/1985880028.jpeg
1,IPHONE 13 PRO MAX,https://viettelstore.vn/dien-thoai/iphone-13-pro-max-256gb-pid288668.html,6,256,29990000,2022-11-27 15:15:57.192847,ALPINE GREEN,0,https://cdn1.viettelstore.vn/Images/Product/ProductImage/1985880028.jpeg
2,IPHONE 13 PRO MAX,https://viettelstore.vn/dien-thoai/iphone-13-pro-max-256gb-pid288668.html,6,128,unknown,2022-11-27 15:15:57.192847,SIERRA BLUE,0,https://cdn1.viettelstore.vn/Images/Product/ProductImage/1985880028.jpeg
3,IPHONE 13 PRO MAX,https://viettelstore.vn/dien-thoai/iphone-13-pro-max-256gb-pid288668.html,6,128,unknown,2022-11-27 15:15:57.192847,ALPINE GREEN,0,https://cdn1.viettelstore.vn/Images/Product/ProductImage/1985880028.jpeg
4,IPHONE 13 PRO MAX,https://viettelstore.vn/dien-thoai/iphone-13-pro-max-256gb-pid288668.html,6,512,unknown,2022-11-27 15:15:57.192847,SIERRA BLUE,0,https://cdn1.viettelstore.vn/Images/Product/ProductImage/1985880028.jpeg
5,IPHONE 13 PRO MAX,https://viettelstore.vn/dien-thoai/iphone-13-pro-max-256gb-pid288668.html,6,512,unknown,2022-11-27 15:15:57.192847,ALPINE GREEN,0,https://cdn1.viettelstore.vn/Images/Product/ProductImage/1985880028.jpeg
6,IPHONE 13 PRO MAX,https://viettelstore.vn/dien-thoai/iphone-13-pro-max-256gb-pid288668.html,6,1024,41990000,2022-11-27 15:15:57.192847,SIERRA BLUE,0,https://cdn1.viettelstore.vn/Images/Product/ProductImage/1985880028.jpeg
7,IPHONE 13 PRO MAX,https://viettelstore.vn/dien-thoai/iphone-13-pro-max-256gb-pid288668.html,6,1024,41990000,2022-11-27 15:15:57.192847,ALPINE GREEN,0,https://cdn1.viettelstore.vn/Images/Product/ProductImage/1985880028.jpeg
8,IPHONE 14,https://viettelstore.vn/dien-thoai/iphone-14-128gb-pid293821.html,6,128,21990000,2022-11-27 15:15:57.192847,RED,0,https://cdn1.viettelstore.vn/Images/Product/ProductImage/157750538.jpeg
9,IPHONE 14,https://viettelstore.vn/dien-thoai/iphone-14-128gb-pid293821.html,6,128,21990000,2022-11-27 15:15:57.192847,PURPLE,0,https://cdn1.viettelstore.vn/Images/Product/ProductImage/157750538.jpeg
10,IPHONE 14,https://viettelstore.vn/dien-thoai/iphone-14-128gb-pid293821.html,6,128,21990000,2022-11-27 15:15:57.192847,BLUE,0,https://cdn1.viettelstore.vn/Images/Product/ProductImage/157750538.jpeg
11,IPHONE 14,https://viettelstore.vn/dien-thoai/iphone-14-128gb-pid293821.html,6,128,21990000,2022-11-27 15:15:57.192847,STARLIGHT,0,https://cdn1.viettelstore.vn/Images/Product/ProductImage/157750538.jpeg
12,IPHONE 14,https://viettelstore.vn/dien-thoai/iphone-14-128gb-pid293821.html,6,128,21990000,2022-11-27 15:15:57.192847,MIDNIGHT,0,https://cdn1.viettelstore.vn/Images/Product/ProductImage/157750538.jpeg
13,IPHONE 14,https://viettelstore.vn/dien-thoai/iphone-14-128gb-pid293821.html,6,256,24990000,2022-11-27 15:15:57.192847,RED,0,https://cdn1.viettelstore.vn/Images/Product/ProductImage/157750538.jpeg
14,IPHONE 14,https://viettelstore.vn/dien-thoai/iphone-14-128gb-pid293821.html,6,256,24990000,2022-11-27 15:15:57.192847,PURPLE,0,https://cdn1.viettelstore.vn/Images/Product/ProductImage/157750538.jpeg
15,IPHONE 14,https://viettelstore.vn/dien-thoai/iphone-14-128gb-pid293821.html,6,256,24990000,2022-11-27 15:15:57.192847,BLUE,0,https://cdn1.viettelstore.vn/Images/Product/ProductImage/157750538.jpeg
16,IPHONE 14,https://viettelstore.vn/dien-thoai/iphone-14-128gb-pid293821.html,6,256,24990000,2022-11-27 15:15:57.192847,STARLIGHT,0,https://cdn1.viettelstore.vn/Images/Product/ProductImage/157750538.jpeg
17,IPHONE 14,https://viettelstore.vn/dien-thoai/iphone-14-128gb-pid293821.html,6,256,24990000,2022-11-27 15:15:57.192847,MIDNIGHT,0,https://cdn1.viettelstore.vn/Images/Product/ProductImage/157750538.jpeg
18,IPHONE 14,https://viettelstore.vn/dien-thoai/iphone-14-128gb-pid293821.html,6,512,29990000,2022-11-27 15:15:57.192847,RED,0,https://cdn1.viettelstore.vn/Images/Product/ProductImage/157750538.jpeg
19,IPHONE 14,https://viettelstore.vn/dien-thoai/iphone-14-128gb-pid293821.html,6,512,29990000,2022-11-27 15:15:57.192847,PURPLE,0,https://cdn1.viettelstore.vn/Images/Product/ProductImage/157750538.jpeg
20,IPHONE 14,https://viettelstore.vn/dien-thoai/iphone-14-128gb-pid293821.html,6,512,29990000,2022-11-27 15:15:57.192847,BLUE,0,https://cdn1.viettelstore.vn/Images/Product/ProductImage/157750538.jpeg
21,IPHONE 14,https://viettelstore.vn/dien-thoai/iphone-14-128gb-pid293821.html,6,512,29990000,2022-11-27 15:15:57.192847,STARLIGHT,0,https://cdn1.viettelstore.vn/Images/Product/ProductImage/157750538.jpeg
22,IPHONE 14,https://viettelstore.vn/dien-thoai/iphone-14-128gb-pid293821.html,6,512,29990000,2022-11-27 15:15:57.192847,MIDNIGHT,0,https://cdn1.viettelstore.vn/Images/Product/ProductImage/157750538.jpeg
23,IPHONE 14,https://viettelstore.vn/dien-thoai/iphone-14-plus-pid293836.html,6,128,24990000,2022-11-27 15:15:57.192847,RED,0,https://cdn1.viettelstore.vn/Images/Product/ProductImage/670092962.jpeg
24,IPHONE 14,https://viettelstore.vn/dien-thoai/iphone-14-plus-pid293836.html,6,128,24990000,2022-11-27 15:15:57.192847,PURPLE,0,https://cdn1.viettelstore.vn/Images/Product/ProductImage/670092962.jpeg
25,IPHONE 14,https://viettelstore.vn/dien-thoai/iphone-14-plus-pid293836.html,6,128,24990000,2022-11-27 15:15:57.192847,BLUE,0,https://cdn1.viettelstore.vn/Images/Product/ProductImage/670092962.jpeg
26,IPHONE 14,https://viettelstore.vn/dien-thoai/iphone-14-plus-pid293836.html,6,128,24990000,2022-11-27 15:15:57.192847,STARLIGHT,0,https://cdn1.viettelstore.vn/Images/Product/ProductImage/670092962.jpeg
27,IPHONE 14,https://viettelstore.vn/dien-thoai/iphone-14-plus-pid293836.html,6,128,24990000,2022-11-27 15:15:57.192847,MIDNIGHT,0,https://cdn1.viettelstore.vn/Images/Product/ProductImage/670092962.jpeg
28,IPHONE 14,https://viettelstore.vn/dien-thoai/iphone-14-plus-pid293836.html,6,256,27490000,2022-11-27 15:15:57.192847,RED,0,https://cdn1.viettelstore.vn/Images/Product/ProductImage/670092962.jpeg
29,IPHONE 14,https://viettelstore.vn/dien-thoai/iphone-14-plus-pid293836.html,6,256,27490000,2022-11-27 15:15:57.192847,PURPLE,0,https://cdn1.viettelstore.vn/Images/Product/ProductImage/670092962.jpeg
30,IPHONE 14,https://viettelstore.vn/dien-thoai/iphone-14-plus-pid293836.html,6,256,27490000,2022-11-27 15:15:57.192847,BLUE,0,https://cdn1.viettelstore.vn/Images/Product/ProductImage/670092962.jpeg
31,IPHONE 14,https://viettelstore.vn/dien-thoai/iphone-14-plus-pid293836.html,6,256,27490000,2022-11-27 15:15:57.192847,STARLIGHT,0,https://cdn1.viettelstore.vn/Images/Product/ProductImage/670092962.jpeg
32,IPHONE 14,https://viettelstore.vn/dien-thoai/iphone-14-plus-pid293836.html,6,256,27490000,2022-11-27 15:15:57.192847,MIDNIGHT,0,https://cdn1.viettelstore.vn/Images/Product/ProductImage/670092962.jpeg
33,IPHONE 14,https://viettelstore.vn/dien-thoai/iphone-14-plus-pid293836.html,6,512,32490000,2022-11-27 15:15:57.192847,RED,0,https://cdn1.viettelstore.vn/Images/Product/ProductImage/670092962.jpeg
34,IPHONE 14,https://viettelstore.vn/dien-thoai/iphone-14-plus-pid293836.html,6,512,32490000,2022-11-27 15:15:57.192847,PURPLE,0,https://cdn1.viettelstore.vn/Images/Product/ProductImage/670092962.jpeg
35,IPHONE 14,https://viettelstore.vn/dien-thoai/iphone-14-plus-pid293836.html,6,512,32490000,2022-11-27 15:15:57.192847,BLUE,0,https://cdn1.viettelstore.vn/Images/Product/ProductImage/670092962.jpeg
36,IPHONE 14,https://viettelstore.vn/dien-thoai/iphone-14-plus-pid293836.html,6,512,32490000,2022-11-27 15:15:57.192847,STARLIGHT,0,https://cdn1.viettelstore.vn/Images/Product/ProductImage/670092962.jpeg
37,IPHONE 14,https://viettelstore.vn/dien-thoai/iphone-14-plus-pid293836.html,6,512,32490000,2022-11-27 15:15:57.192847,MIDNIGHT,0,https://cdn1.viettelstore.vn/Images/Product/ProductImage/670092962.jpeg
38,IPHONE 13 PRO MAX,https://viettelstore.vn/dien-thoai/iphone-13-pro-max-1tb-pid288670.html,6,1024,41990000,2022-11-27 15:15:57.192847,GRAPHITE,0,https://cdn1.viettelstore.vn/Images/Product/ProductImage/841069727.jpeg
39,IPHONE 13 PRO MAX,https://viettelstore.vn/dien-thoai/iphone-13-pro-max-1tb-pid288670.html,6,1024,41990000,2022-11-27 15:15:57.192847,SIERRA BLUE,0,https://cdn1.viettelstore.vn/Images/Product/ProductImage/841069727.jpeg
40,IPHONE 13 PRO MAX,https://viettelstore.vn/dien-thoai/iphone-13-pro-max-1tb-pid288670.html,6,1024,41990000,2022-11-27 15:15:57.192847,GOLD,0,https://cdn1.viettelstore.vn/Images/Product/ProductImage/841069727.jpeg
41,IPHONE 13 PRO MAX,https://viettelstore.vn/dien-thoai/iphone-13-pro-max-1tb-pid288670.html,6,1024,41990000,2022-11-27 15:15:57.192847,SILVER,0,https://cdn1.viettelstore.vn/Images/Product/ProductImage/841069727.jpeg
42,IPHONE 13 PRO MAX,https://viettelstore.vn/dien-thoai/iphone-13-pro-max-1tb-pid288670.html,6,128,unknown,2022-11-27 15:15:57.192847,GRAPHITE,0,https://cdn1.viettelstore.vn/Images/Product/ProductImage/841069727.jpeg
43,IPHONE 13 PRO MAX,https://viettelstore.vn/dien-thoai/iphone-13-pro-max-1tb-pid288670.html,6,128,unknown,2022-11-27 15:15:57.192847,SIERRA BLUE,0,https://cdn1.viettelstore.vn/Images/Product/ProductImage/841069727.jpeg
44,IPHONE 13 PRO MAX,https://viettelstore.vn/dien-thoai/iphone-13-pro-max-1tb-pid288670.html,6,128,unknown,2022-11-27 15:15:57.192847,GOLD,0,https://cdn1.viettelstore.vn/Images/Product/ProductImage/841069727.jpeg
45,IPHONE 13 PRO MAX,https://viettelstore.vn/dien-thoai/iphone-13-pro-max-1tb-pid288670.html,6,128,unknown,2022-11-27 15:15:57.192847,SILVER,0,https://cdn1.viettelstore.vn/Images/Product/ProductImage/841069727.jpeg
46,IPHONE 13 PRO MAX,https://viettelstore.vn/dien-thoai/iphone-13-pro-max-1tb-pid288670.html,6,256,29990000,2022-11-27 15:15:57.192847,GRAPHITE,0,https://cdn1.viettelstore.vn/Images/Product/ProductImage/841069727.jpeg
47,IPHONE 13 PRO MAX,https://viettelstore.vn/dien-thoai/iphone-13-pro-max-1tb-pid288670.html,6,256,29990000,2022-11-27 15:15:57.192847,SIERRA BLUE,0,https://cdn1.viettelstore.vn/Images/Product/ProductImage/841069727.jpeg
48,IPHONE 13 PRO MAX,https://viettelstore.vn/dien-thoai/iphone-13-pro-max-1tb-pid288670.html,6,256,29990000,2022-11-27 15:15:57.192847,GOLD,0,https://cdn1.viettelstore.vn/Images/Product/ProductImage/841069727.jpeg
49,IPHONE 13 PRO MAX,https://viettelstore.vn/dien-thoai/iphone-13-pro-max-1tb-pid288670.html,6,256,29990000,2022-11-27 15:15:57.192847,SILVER,0,https://cdn1.viettelstore.vn/Images/Product/ProductImage/841069727.jpeg
50,IPHONE 13 PRO MAX,https://viettelstore.vn/dien-thoai/iphone-13-pro-max-1tb-pid288670.html,6,512,unknown,2022-11-27 15:15:57.192847,GRAPHITE,0,https://cdn1.viettelstore.vn/Images/Product/ProductImage/841069727.jpeg
51,IPHONE 13 PRO MAX,https://viettelstore.vn/dien-thoai/iphone-13-pro-max-1tb-pid288670.html,6,512,unknown,2022-11-27 15:15:57.192847,SIERRA BLUE,0,https://cdn1.viettelstore.vn/Images/Product/ProductImage/841069727.jpeg
52,IPHONE 13 PRO MAX,https://viettelstore.vn/dien-thoai/iphone-13-pro-max-1tb-pid288670.html,6,512,unknown,2022-11-27 15:15:57.192847,GOLD,0,https://cdn1.viettelstore.vn/Images/Product/ProductImage/841069727.jpeg
53,IPHONE 13 PRO MAX,https://viettelstore.vn/dien-thoai/iphone-13-pro-max-1tb-pid288670.html,6,512,unknown,2022-11-27 15:15:57.192847,SILVER,0,https://cdn1.viettelstore.vn/Images/Product/ProductImage/841069727.jpeg
54,IPHONE 14 PRO MAX,https://viettelstore.vn/dien-thoai/iphone-14-pro-max-pid293824.html,6,128,32490000,2022-11-27 15:15:57.192847,SPACE BLACK,0,https://cdn1.viettelstore.vn/Images/Product/ProductImage/274903389.jpeg
55,IPHONE 14 PRO MAX,https://viettelstore.vn/dien-thoai/iphone-14-pro-max-pid293824.html,6,128,32490000,2022-11-27 15:15:57.192847,DEEP PURPLE,0,https://cdn1.viettelstore.vn/Images/Product/ProductImage/274903389.jpeg
56,IPHONE 14 PRO MAX,https://viettelstore.vn/dien-thoai/iphone-14-pro-max-pid293824.html,6,128,32490000,2022-11-27 15:15:57.192847,GOLD,0,https://cdn1.viettelstore.vn/Images/Product/ProductImage/274903389.jpeg
57,IPHONE 14 PRO MAX,https://viettelstore.vn/dien-thoai/iphone-14-pro-max-pid293824.html,6,128,32490000,2022-11-27 15:15:57.192847,SILVER,0,https://cdn1.viettelstore.vn/Images/Product/ProductImage/274903389.jpeg
58,IPHONE 14 PRO MAX,https://viettelstore.vn/dien-thoai/iphone-14-pro-max-pid293824.html,6,256,35490000,2022-11-27 15:15:57.192847,SPACE BLACK,0,https://cdn1.viettelstore.vn/Images/Product/ProductImage/274903389.jpeg
59,IPHONE 14 PRO MAX,https://viettelstore.vn/dien-thoai/iphone-14-pro-max-pid293824.html,6,256,35490000,2022-11-27 15:15:57.192847,DEEP PURPLE,0,https://cdn1.viettelstore.vn/Images/Product/ProductImage/274903389.jpeg
60,IPHONE 14 PRO MAX,https://viettelstore.vn/dien-thoai/iphone-14-pro-max-pid293824.html,6,256,35490000,2022-11-27 15:15:57.192847,GOLD,0,https://cdn1.viettelstore.vn/Images/Product/ProductImage/274903389.jpeg
61,IPHONE 14 PRO MAX,https://viettelstore.vn/dien-thoai/iphone-14-pro-max-pid293824.html,6,256,35490000,2022-11-27 15:15:57.192847,SILVER,0,https://cdn1.viettelstore.vn/Images/Product/ProductImage/274903389.jpeg
62,IPHONE 14 PRO MAX,https://viettelstore.vn/dien-thoai/iphone-14-pro-max-pid293824.html,6,512,41490000,2022-11-27 15:15:57.192847,SPACE BLACK,0,https://cdn1.viettelstore.vn/Images/Product/ProductImage/274903389.jpeg
63,IPHONE 14 PRO MAX,https://viettelstore.vn/dien-thoai/iphone-14-pro-max-pid293824.html,6,512,41490000,2022-11-27 15:15:57.192847,DEEP PURPLE,0,https://cdn1.viettelstore.vn/Images/Product/ProductImage/274903389.jpeg
64,IPHONE 14 PRO MAX,https://viettelstore.vn/dien-thoai/iphone-14-pro-max-pid293824.html,6,512,41490000,2022-11-27 15:15:57.192847,GOLD,0,https://cdn1.viettelstore.vn/Images/Product/ProductImage/274903389.jpeg
65,IPHONE 14 PRO MAX,https://viettelstore.vn/dien-thoai/iphone-14-pro-max-pid293824.html,6,512,41490000,2022-11-27 15:15:57.192847,SILVER,0,https://cdn1.viettelstore.vn/Images/Product/ProductImage/274903389.jpeg
66,IPHONE 14 PRO MAX,https://viettelstore.vn/dien-thoai/iphone-14-pro-max-pid293824.html,6,1024,47490000,2022-11-27 15:15:57.192847,SPACE BLACK,0,https://cdn1.viettelstore.vn/Images/Product/ProductImage/274903389.jpeg
67,IPHONE 14 PRO MAX,https://viettelstore.vn/dien-thoai/iphone-14-pro-max-pid293824.html,6,1024,47490000,2022-11-27 15:15:57.192847,DEEP PURPLE,0,https://cdn1.viettelstore.vn/Images/Product/ProductImage/274903389.jpeg
68,IPHONE 14 PRO MAX,https://viettelstore.vn/dien-thoai/iphone-14-pro-max-pid293824.html,6,1024,47490000,2022-11-27 15:15:57.192847,GOLD,0,https://cdn1.viettelstore.vn/Images/Product/ProductImage/274903389.jpeg
69,IPHONE 14 PRO MAX,https://viettelstore.vn/dien-thoai/iphone-14-pro-max-pid293824.html,6,1024,47490000,2022-11-27 15:15:57.192847,SILVER,0,https://cdn1.viettelstore.vn/Images/Product/ProductImage/274903389.jpeg
70,IPHONE 13 PRO,https://viettelstore.vn/dien-thoai/iphone-13-pro-256gb-pid288664.html,6,256,28990000,2022-11-27 15:15:57.192847,SIERRA BLUE,0,https://cdn1.viettelstore.vn/Images/Product/ProductImage/668927892.jpeg
71,IPHONE 13 PRO,https://viettelstore.vn/dien-thoai/iphone-13-pro-256gb-pid288664.html,6,256,28990000,2022-11-27 15:15:57.192847,ALPINE GREEN,0,https://cdn1.viettelstore.vn/Images/Product/ProductImage/668927892.jpeg
72,IPHONE 13 PRO,https://viettelstore.vn/dien-thoai/iphone-13-pro-256gb-pid288664.html,6,256,28990000,2022-11-27 15:15:57.192847,GOLD,0,https://cdn1.viettelstore.vn/Images/Product/ProductImage/668927892.jpeg
73,IPHONE 13 PRO,https://viettelstore.vn/dien-thoai/iphone-13-pro-256gb-pid288664.html,6,256,28990000,2022-11-27 15:15:57.192847,SILVER,0,https://cdn1.viettelstore.vn/Images/Product/ProductImage/668927892.jpeg
74,IPHONE 13 PRO,https://viettelstore.vn/dien-thoai/iphone-13-pro-256gb-pid288664.html,6,128,unknown,2022-11-27 15:15:57.192847,SIERRA BLUE,0,https://cdn1.viettelstore.vn/Images/Product/ProductImage/668927892.jpeg
75,IPHONE 13 PRO,https://viettelstore.vn/dien-thoai/iphone-13-pro-256gb-pid288664.html,6,128,unknown,2022-11-27 15:15:57.192847,ALPINE GREEN,0,https://cdn1.viettelstore.vn/Images/Product/ProductImage/668927892.jpeg
76,IPHONE 13 PRO,https://viettelstore.vn/dien-thoai/iphone-13-pro-256gb-pid288664.html,6,128,unknown,2022-11-27 15:15:57.192847,GOLD,0,https://cdn1.viettelstore.vn/Images/Product/ProductImage/668927892.jpeg
77,IPHONE 13 PRO,https://viettelstore.vn/dien-thoai/iphone-13-pro-256gb-pid288664.html,6,128,unknown,2022-11-27 15:15:57.192847,SILVER,0,https://cdn1.viettelstore.vn/Images/Product/ProductImage/668927892.jpeg
78,IPHONE 13 PRO,https://viettelstore.vn/dien-thoai/iphone-13-pro-256gb-pid288664.html,6,512,34290000,2022-11-27 15:15:57.192847,SIERRA BLUE,0,https://cdn1.viettelstore.vn/Images/Product/ProductImage/668927892.jpeg
79,IPHONE 13 PRO,https://viettelstore.vn/dien-thoai/iphone-13-pro-256gb-pid288664.html,6,512,34290000,2022-11-27 15:15:57.192847,ALPINE GREEN,0,https://cdn1.viettelstore.vn/Images/Product/ProductImage/668927892.jpeg
80,IPHONE 13 PRO,https://viettelstore.vn/dien-thoai/iphone-13-pro-256gb-pid288664.html,6,512,34290000,2022-11-27 15:15:57.192847,GOLD,0,https://cdn1.viettelstore.vn/Images/Product/ProductImage/668927892.jpeg
81,IPHONE 13 PRO,https://viettelstore.vn/dien-thoai/iphone-13-pro-256gb-pid288664.html,6,512,34290000,2022-11-27 15:15:57.192847,SILVER,0,https://cdn1.viettelstore.vn/Images/Product/ProductImage/668927892.jpeg
82,IPHONE 13 PRO,https://viettelstore.vn/dien-thoai/iphone-13-pro-256gb-pid288664.html,6,1024,39290000,2022-11-27 15:15:57.192847,SIERRA BLUE,0,https://cdn1.viettelstore.vn/Images/Product/ProductImage/668927892.jpeg
83,IPHONE 13 PRO,https://viettelstore.vn/dien-thoai/iphone-13-pro-256gb-pid288664.html,6,1024,39290000,2022-11-27 15:15:57.192847,ALPINE GREEN,0,https://cdn1.viettelstore.vn/Images/Product/ProductImage/668927892.jpeg
84,IPHONE 13 PRO,https://viettelstore.vn/dien-thoai/iphone-13-pro-256gb-pid288664.html,6,1024,39290000,2022-11-27 15:15:57.192847,GOLD,0,https://cdn1.viettelstore.vn/Images/Product/ProductImage/668927892.jpeg
85,IPHONE 13 PRO,https://viettelstore.vn/dien-thoai/iphone-13-pro-256gb-pid288664.html,6,1024,39290000,2022-11-27 15:15:57.192847,SILVER,0,https://cdn1.viettelstore.vn/Images/Product/ProductImage/668927892.jpeg
86,IPHONE 14 PRO,https://viettelstore.vn/dien-thoai/iphone-14-pro-pid293831.html,6,128,29490000,2022-11-27 15:15:57.192847,SPACE BLACK,0,https://cdn1.viettelstore.vn/Images/Product/ProductImage/568076850.jpeg
87,IPHONE 14 PRO,https://viettelstore.vn/dien-thoai/iphone-14-pro-pid293831.html,6,128,29490000,2022-11-27 15:15:57.192847,DEEP PURPLE,0,https://cdn1.viettelstore.vn/Images/Product/ProductImage/568076850.jpeg
88,IPHONE 14 PRO,https://viettelstore.vn/dien-thoai/iphone-14-pro-pid293831.html,6,128,29490000,2022-11-27 15:15:57.192847,GOLD,0,https://cdn1.viettelstore.vn/Images/Product/ProductImage/568076850.jpeg
89,IPHONE 14 PRO,https://viettelstore.vn/dien-thoai/iphone-14-pro-pid293831.html,6,128,29490000,2022-11-27 15:15:57.192847,SILVER,0,https://cdn1.viettelstore.vn/Images/Product/ProductImage/568076850.jpeg
90,IPHONE 14 PRO,https://viettelstore.vn/dien-thoai/iphone-14-pro-pid293831.html,6,256,32490000,2022-11-27 15:15:57.192847,SPACE BLACK,0,https://cdn1.viettelstore.vn/Images/Product/ProductImage/568076850.jpeg
91,IPHONE 14 PRO,https://viettelstore.vn/dien-thoai/iphone-14-pro-pid293831.html,6,256,32490000,2022-11-27 15:15:57.192847,DEEP PURPLE,0,https://cdn1.viettelstore.vn/Images/Product/ProductImage/568076850.jpeg
92,IPHONE 14 PRO,https://viettelstore.vn/dien-thoai/iphone-14-pro-pid293831.html,6,256,32490000,2022-11-27 15:15:57.192847,GOLD,0,https://cdn1.viettelstore.vn/Images/Product/ProductImage/568076850.jpeg
93,IPHONE 14 PRO,https://viettelstore.vn/dien-thoai/iphone-14-pro-pid293831.html,6,256,32490000,2022-11-27 15:15:57.192847,SILVER,0,https://cdn1.viettelstore.vn/Images/Product/ProductImage/568076850.jpeg
94,IPHONE 14 PRO,https://viettelstore.vn/dien-thoai/iphone-14-pro-pid293831.html,6,512,36990000,2022-11-27 15:15:57.192847,SPACE BLACK,0,https://cdn1.viettelstore.vn/Images/Product/ProductImage/568076850.jpeg
95,IPHONE 14 PRO,https://viettelstore.vn/dien-thoai/iphone-14-pro-pid293831.html,6,512,36990000,2022-11-27 15:15:57.192847,DEEP PURPLE,0,https://cdn1.viettelstore.vn/Images/Product/ProductImage/568076850.jpeg
96,IPHONE 14 PRO,https://viettelstore.vn/dien-thoai/iphone-14-pro-pid293831.html,6,512,36990000,2022-11-27 15:15:57.192847,GOLD,0,https://cdn1.viettelstore.vn/Images/Product/ProductImage/568076850.jpeg
97,IPHONE 14 PRO,https://viettelstore.vn/dien-thoai/iphone-14-pro-pid293831.html,6,512,36990000,2022-11-27 15:15:57.192847,SILVER,0,https://cdn1.viettelstore.vn/Images/Product/ProductImage/568076850.jpeg
98,IPHONE 14 PRO,https://viettelstore.vn/dien-thoai/iphone-14-pro-pid293831.html,6,1024,42990000,2022-11-27 15:15:57.192847,SPACE BLACK,0,https://cdn1.viettelstore.vn/Images/Product/ProductImage/568076850.jpeg
99,IPHONE 14 PRO,https://viettelstore.vn/dien-thoai/iphone-14-pro-pid293831.html,6,1024,42990000,2022-11-27 15:15:57.192847,DEEP PURPLE,0,https://cdn1.viettelstore.vn/Images/Product/ProductImage/568076850.jpeg
100,IPHONE 14 PRO,https://viettelstore.vn/dien-thoai/iphone-14-pro-pid293831.html,6,1024,42990000,2022-11-27 15:15:57.192847,GOLD,0,https://cdn1.viettelstore.vn/Images/Product/ProductImage/568076850.jpeg
101,IPHONE 14 PRO,https://viettelstore.vn/dien-thoai/iphone-14-pro-pid293831.html,6,1024,42990000,2022-11-27 15:15:57.192847,SILVER,0,https://cdn1.viettelstore.vn/Images/Product/ProductImage/568076850.jpeg
102,IPHONE 11,https://viettelstore.vn/dien-thoai/iphone-11-128gb-pid141877.html,4,128,12490000,2022-11-27 15:15:57.192847,WHITE,0,https://cdn1.viettelstore.vn/Images/Product/ProductImage/1137848926.jpeg
103,IPHONE 11,https://viettelstore.vn/dien-thoai/iphone-11-128gb-pid141877.html,4,128,12490000,2022-11-27 15:15:57.192847,BLACK,0,https://cdn1.viettelstore.vn/Images/Product/ProductImage/1137848926.jpeg
104,IPHONE 11,https://viettelstore.vn/dien-thoai/iphone-11-128gb-pid141877.html,4,64,10990000,2022-11-27 15:15:57.192847,WHITE,0,https://cdn1.viettelstore.vn/Images/Product/ProductImage/1137848926.jpeg
105,IPHONE 11,https://viettelstore.vn/dien-thoai/iphone-11-128gb-pid141877.html,4,64,10990000,2022-11-27 15:15:57.192847,BLACK,0,https://cdn1.viettelstore.vn/Images/Product/ProductImage/1137848926.jpeg
106,IPHONE 14,https://viettelstore.vn/dien-thoai/iphone-14-plus-256gb-pid293838.html,6,256,27490000,2022-11-27 15:15:57.192847,RED,0,https://cdn1.viettelstore.vn/Images/Product/ProductImage/622712822.jpeg
107,IPHONE 14,https://viettelstore.vn/dien-thoai/iphone-14-plus-256gb-pid293838.html,6,256,27490000,2022-11-27 15:15:57.192847,PURPLE,0,https://cdn1.viettelstore.vn/Images/Product/ProductImage/622712822.jpeg
108,IPHONE 14,https://viettelstore.vn/dien-thoai/iphone-14-plus-256gb-pid293838.html,6,256,27490000,2022-11-27 15:15:57.192847,BLUE,0,https://cdn1.viettelstore.vn/Images/Product/ProductImage/622712822.jpeg
109,IPHONE 14,https://viettelstore.vn/dien-thoai/iphone-14-plus-256gb-pid293838.html,6,256,27490000,2022-11-27 15:15:57.192847,STARLIGHT,0,https://cdn1.viettelstore.vn/Images/Product/ProductImage/622712822.jpeg
110,IPHONE 14,https://viettelstore.vn/dien-thoai/iphone-14-plus-256gb-pid293838.html,6,256,27490000,2022-11-27 15:15:57.192847,MIDNIGHT,0,https://cdn1.viettelstore.vn/Images/Product/ProductImage/622712822.jpeg
111,IPHONE 14,https://viettelstore.vn/dien-thoai/iphone-14-plus-256gb-pid293838.html,6,128,24990000,2022-11-27 15:15:57.192847,RED,0,https://cdn1.viettelstore.vn/Images/Product/ProductImage/622712822.jpeg
112,IPHONE 14,https://viettelstore.vn/dien-thoai/iphone-14-plus-256gb-pid293838.html,6,128,24990000,2022-11-27 15:15:57.192847,PURPLE,0,https://cdn1.viettelstore.vn/Images/Product/ProductImage/622712822.jpeg
113,IPHONE 14,https://viettelstore.vn/dien-thoai/iphone-14-plus-256gb-pid293838.html,6,128,24990000,2022-11-27 15:15:57.192847,BLUE,0,https://cdn1.viettelstore.vn/Images/Product/ProductImage/622712822.jpeg
114,IPHONE 14,https://viettelstore.vn/dien-thoai/iphone-14-plus-256gb-pid293838.html,6,128,24990000,2022-11-27 15:15:57.192847,STARLIGHT,0,https://cdn1.viettelstore.vn/Images/Product/ProductImage/622712822.jpeg
115,IPHONE 14,https://viettelstore.vn/dien-thoai/iphone-14-plus-256gb-pid293838.html,6,128,24990000,2022-11-27 15:15:57.192847,MIDNIGHT,0,https://cdn1.viettelstore.vn/Images/Product/ProductImage/622712822.jpeg
116,IPHONE 14,https://viettelstore.vn/dien-thoai/iphone-14-plus-256gb-pid293838.html,6,512,32490000,2022-11-27 15:15:57.192847,RED,0,https://cdn1.viettelstore.vn/Images/Product/ProductImage/622712822.jpeg
117,IPHONE 14,https://viettelstore.vn/dien-thoai/iphone-14-plus-256gb-pid293838.html,6,512,32490000,2022-11-27 15:15:57.192847,PURPLE,0,https://cdn1.viettelstore.vn/Images/Product/ProductImage/622712822.jpeg
118,IPHONE 14,https://viettelstore.vn/dien-thoai/iphone-14-plus-256gb-pid293838.html,6,512,32490000,2022-11-27 15:15:57.192847,BLUE,0,https://cdn1.viettelstore.vn/Images/Product/ProductImage/622712822.jpeg
119,IPHONE 14,https://viettelstore.vn/dien-thoai/iphone-14-plus-256gb-pid293838.html,6,512,32490000,2022-11-27 15:15:57.192847,STARLIGHT,0,https://cdn1.viettelstore.vn/Images/Product/ProductImage/622712822.jpeg
120,IPHONE 14,https://viettelstore.vn/dien-thoai/iphone-14-plus-256gb-pid293838.html,6,512,32490000,2022-11-27 15:15:57.192847,MIDNIGHT,0,https://cdn1.viettelstore.vn/Images/Product/ProductImage/622712822.jpeg
121,IPHONE 14,https://viettelstore.vn/dien-thoai/iphone-14-plus-512gb-pid293839.html,6,512,32490000,2022-11-27 15:15:57.192847,RED,0,https://cdn1.viettelstore.vn/Images/Product/ProductImage/1800968972.jpeg
122,IPHONE 14,https://viettelstore.vn/dien-thoai/iphone-14-plus-512gb-pid293839.html,6,512,32490000,2022-11-27 15:15:57.192847,PURPLE,0,https://cdn1.viettelstore.vn/Images/Product/ProductImage/1800968972.jpeg
123,IPHONE 14,https://viettelstore.vn/dien-thoai/iphone-14-plus-512gb-pid293839.html,6,512,32490000,2022-11-27 15:15:57.192847,BLUE,0,https://cdn1.viettelstore.vn/Images/Product/ProductImage/1800968972.jpeg
124,IPHONE 14,https://viettelstore.vn/dien-thoai/iphone-14-plus-512gb-pid293839.html,6,512,32490000,2022-11-27 15:15:57.192847,STARLIGHT,0,https://cdn1.viettelstore.vn/Images/Product/ProductImage/1800968972.jpeg
125,IPHONE 14,https://viettelstore.vn/dien-thoai/iphone-14-plus-512gb-pid293839.html,6,512,32490000,2022-11-27 15:15:57.192847,MIDNIGHT,0,https://cdn1.viettelstore.vn/Images/Product/ProductImage/1800968972.jpeg
126,IPHONE 14,https://viettelstore.vn/dien-thoai/iphone-14-plus-512gb-pid293839.html,6,128,24990000,2022-11-27 15:15:57.192847,RED,0,https://cdn1.viettelstore.vn/Images/Product/ProductImage/1800968972.jpeg
127,IPHONE 14,https://viettelstore.vn/dien-thoai/iphone-14-plus-512gb-pid293839.html,6,128,24990000,2022-11-27 15:15:57.192847,PURPLE,0,https://cdn1.viettelstore.vn/Images/Product/ProductImage/1800968972.jpeg
128,IPHONE 14,https://viettelstore.vn/dien-thoai/iphone-14-plus-512gb-pid293839.html,6,128,24990000,2022-11-27 15:15:57.192847,BLUE,0,https://cdn1.viettelstore.vn/Images/Product/ProductImage/1800968972.jpeg
129,IPHONE 14,https://viettelstore.vn/dien-thoai/iphone-14-plus-512gb-pid293839.html,6,128,24990000,2022-11-27 15:15:57.192847,STARLIGHT,0,https://cdn1.viettelstore.vn/Images/Product/ProductImage/1800968972.jpeg
130,IPHONE 14,https://viettelstore.vn/dien-thoai/iphone-14-plus-512gb-pid293839.html,6,128,24990000,2022-11-27 15:15:57.192847,MIDNIGHT,0,https://cdn1.viettelstore.vn/Images/Product/ProductImage/1800968972.jpeg
131,IPHONE 14,https://viettelstore.vn/dien-thoai/iphone-14-plus-512gb-pid293839.html,6,256,27490000,2022-11-27 15:15:57.192847,RED,0,https://cdn1.viettelstore.vn/Images/Product/ProductImage/1800968972.jpeg
132,IPHONE 14,https://viettelstore.vn/dien-thoai/iphone-14-plus-512gb-pid293839.html,6,256,27490000,2022-11-27 15:15:57.192847,PURPLE,0,https://cdn1.viettelstore.vn/Images/Product/ProductImage/1800968972.jpeg
133,IPHONE 14,https://viettelstore.vn/dien-thoai/iphone-14-plus-512gb-pid293839.html,6,256,27490000,2022-11-27 15:15:57.192847,BLUE,0,https://cdn1.viettelstore.vn/Images/Product/ProductImage/1800968972.jpeg
134,IPHONE 14,https://viettelstore.vn/dien-thoai/iphone-14-plus-512gb-pid293839.html,6,256,27490000,2022-11-27 15:15:57.192847,STARLIGHT,0,https://cdn1.viettelstore.vn/Images/Product/ProductImage/1800968972.jpeg
135,IPHONE 14,https://viettelstore.vn/dien-thoai/iphone-14-plus-512gb-pid293839.html,6,256,27490000,2022-11-27 15:15:57.192847,MIDNIGHT,0,https://cdn1.viettelstore.vn/Images/Product/ProductImage/1800968972.jpeg
136,IPHONE 14 PRO,https://viettelstore.vn/dien-thoai/iphone-14-pro-1tb-pid293834.html,6,1024,42990000,2022-11-27 15:15:57.192847,SPACE BLACK,0,https://cdn1.viettelstore.vn/Images/Product/ProductImage/1367139727.jpeg
137,IPHONE 14 PRO,https://viettelstore.vn/dien-thoai/iphone-14-pro-1tb-pid293834.html,6,1024,42990000,2022-11-27 15:15:57.192847,DEEP PURPLE,0,https://cdn1.viettelstore.vn/Images/Product/ProductImage/1367139727.jpeg
138,IPHONE 14 PRO,https://viettelstore.vn/dien-thoai/iphone-14-pro-1tb-pid293834.html,6,1024,42990000,2022-11-27 15:15:57.192847,GOLD,0,https://cdn1.viettelstore.vn/Images/Product/ProductImage/1367139727.jpeg
139,IPHONE 14 PRO,https://viettelstore.vn/dien-thoai/iphone-14-pro-1tb-pid293834.html,6,1024,42990000,2022-11-27 15:15:57.192847,SILVER,0,https://cdn1.viettelstore.vn/Images/Product/ProductImage/1367139727.jpeg
140,IPHONE 14 PRO,https://viettelstore.vn/dien-thoai/iphone-14-pro-1tb-pid293834.html,6,128,29490000,2022-11-27 15:15:57.192847,SPACE BLACK,0,https://cdn1.viettelstore.vn/Images/Product/ProductImage/1367139727.jpeg
141,IPHONE 14 PRO,https://viettelstore.vn/dien-thoai/iphone-14-pro-1tb-pid293834.html,6,128,29490000,2022-11-27 15:15:57.192847,DEEP PURPLE,0,https://cdn1.viettelstore.vn/Images/Product/ProductImage/1367139727.jpeg
142,IPHONE 14 PRO,https://viettelstore.vn/dien-thoai/iphone-14-pro-1tb-pid293834.html,6,128,29490000,2022-11-27 15:15:57.192847,GOLD,0,https://cdn1.viettelstore.vn/Images/Product/ProductImage/1367139727.jpeg
143,IPHONE 14 PRO,https://viettelstore.vn/dien-thoai/iphone-14-pro-1tb-pid293834.html,6,128,29490000,2022-11-27 15:15:57.192847,SILVER,0,https://cdn1.viettelstore.vn/Images/Product/ProductImage/1367139727.jpeg
144,IPHONE 14 PRO,https://viettelstore.vn/dien-thoai/iphone-14-pro-1tb-pid293834.html,6,256,32490000,2022-11-27 15:15:57.192847,SPACE BLACK,0,https://cdn1.viettelstore.vn/Images/Product/ProductImage/1367139727.jpeg
145,IPHONE 14 PRO,https://viettelstore.vn/dien-thoai/iphone-14-pro-1tb-pid293834.html,6,256,32490000,2022-11-27 15:15:57.192847,DEEP PURPLE,0,https://cdn1.viettelstore.vn/Images/Product/ProductImage/1367139727.jpeg
146,IPHONE 14 PRO,https://viettelstore.vn/dien-thoai/iphone-14-pro-1tb-pid293834.html,6,256,32490000,2022-11-27 15:15:57.192847,GOLD,0,https://cdn1.viettelstore.vn/Images/Product/ProductImage/1367139727.jpeg
147,IPHONE 14 PRO,https://viettelstore.vn/dien-thoai/iphone-14-pro-1tb-pid293834.html,6,256,32490000,2022-11-27 15:15:57.192847,SILVER,0,https://cdn1.viettelstore.vn/Images/Product/ProductImage/1367139727.jpeg
148,IPHONE 14 PRO,https://viettelstore.vn/dien-thoai/iphone-14-pro-1tb-pid293834.html,6,512,36990000,2022-11-27 15:15:57.192847,SPACE BLACK,0,https://cdn1.viettelstore.vn/Images/Product/ProductImage/1367139727.jpeg
149,IPHONE 14 PRO,https://viettelstore.vn/dien-thoai/iphone-14-pro-1tb-pid293834.html,6,512,36990000,2022-11-27 15:15:57.192847,DEEP PURPLE,0,https://cdn1.viettelstore.vn/Images/Product/ProductImage/1367139727.jpeg
150,IPHONE 14 PRO,https://viettelstore.vn/dien-thoai/iphone-14-pro-1tb-pid293834.html,6,512,36990000,2022-11-27 15:15:57.192847,GOLD,0,https://cdn1.viettelstore.vn/Images/Product/ProductImage/1367139727.jpeg
151,IPHONE 14 PRO,https://viettelstore.vn/dien-thoai/iphone-14-pro-1tb-pid293834.html,6,512,36990000,2022-11-27 15:15:57.192847,SILVER,0,https://cdn1.viettelstore.vn/Images/Product/ProductImage/1367139727.jpeg
152,IPHONE 14 PRO,https://viettelstore.vn/dien-thoai/iphone-14-pro-256gb-pid293832.html,6,256,32490000,2022-11-27 15:15:57.192847,SPACE BLACK,0,https://cdn1.viettelstore.vn/Images/Product/ProductImage/1784060469.jpeg
153,IPHONE 14 PRO,https://viettelstore.vn/dien-thoai/iphone-14-pro-256gb-pid293832.html,6,256,32490000,2022-11-27 15:15:57.192847,DEEP PURPLE,0,https://cdn1.viettelstore.vn/Images/Product/ProductImage/1784060469.jpeg
154,IPHONE 14 PRO,https://viettelstore.vn/dien-thoai/iphone-14-pro-256gb-pid293832.html,6,256,32490000,2022-11-27 15:15:57.192847,GOLD,0,https://cdn1.viettelstore.vn/Images/Product/ProductImage/1784060469.jpeg
155,IPHONE 14 PRO,https://viettelstore.vn/dien-thoai/iphone-14-pro-256gb-pid293832.html,6,256,32490000,2022-11-27 15:15:57.192847,SILVER,0,https://cdn1.viettelstore.vn/Images/Product/ProductImage/1784060469.jpeg
156,IPHONE 14 PRO,https://viettelstore.vn/dien-thoai/iphone-14-pro-256gb-pid293832.html,6,128,29490000,2022-11-27 15:15:57.192847,SPACE BLACK,0,https://cdn1.viettelstore.vn/Images/Product/ProductImage/1784060469.jpeg
157,IPHONE 14 PRO,https://viettelstore.vn/dien-thoai/iphone-14-pro-256gb-pid293832.html,6,128,29490000,2022-11-27 15:15:57.192847,DEEP PURPLE,0,https://cdn1.viettelstore.vn/Images/Product/ProductImage/1784060469.jpeg
158,IPHONE 14 PRO,https://viettelstore.vn/dien-thoai/iphone-14-pro-256gb-pid293832.html,6,128,29490000,2022-11-27 15:15:57.192847,GOLD,0,https://cdn1.viettelstore.vn/Images/Product/ProductImage/1784060469.jpeg
159,IPHONE 14 PRO,https://viettelstore.vn/dien-thoai/iphone-14-pro-256gb-pid293832.html,6,128,29490000,2022-11-27 15:15:57.192847,SILVER,0,https://cdn1.viettelstore.vn/Images/Product/ProductImage/1784060469.jpeg
160,IPHONE 14 PRO,https://viettelstore.vn/dien-thoai/iphone-14-pro-256gb-pid293832.html,6,512,36990000,2022-11-27 15:15:57.192847,SPACE BLACK,0,https://cdn1.viettelstore.vn/Images/Product/ProductImage/1784060469.jpeg
161,IPHONE 14 PRO,https://viettelstore.vn/dien-thoai/iphone-14-pro-256gb-pid293832.html,6,512,36990000,2022-11-27 15:15:57.192847,DEEP PURPLE,0,https://cdn1.viettelstore.vn/Images/Product/ProductImage/1784060469.jpeg
162,IPHONE 14 PRO,https://viettelstore.vn/dien-thoai/iphone-14-pro-256gb-pid293832.html,6,512,36990000,2022-11-27 15:15:57.192847,GOLD,0,https://cdn1.viettelstore.vn/Images/Product/ProductImage/1784060469.jpeg
163,IPHONE 14 PRO,https://viettelstore.vn/dien-thoai/iphone-14-pro-256gb-pid293832.html,6,512,36990000,2022-11-27 15:15:57.192847,SILVER,0,https://cdn1.viettelstore.vn/Images/Product/ProductImage/1784060469.jpeg
164,IPHONE 14 PRO,https://viettelstore.vn/dien-thoai/iphone-14-pro-256gb-pid293832.html,6,1024,42990000,2022-11-27 15:15:57.192847,SPACE BLACK,0,https://cdn1.viettelstore.vn/Images/Product/ProductImage/1784060469.jpeg
165,IPHONE 14 PRO,https://viettelstore.vn/dien-thoai/iphone-14-pro-256gb-pid293832.html,6,1024,42990000,2022-11-27 15:15:57.192847,DEEP PURPLE,0,https://cdn1.viettelstore.vn/Images/Product/ProductImage/1784060469.jpeg
166,IPHONE 14 PRO,https://viettelstore.vn/dien-thoai/iphone-14-pro-256gb-pid293832.html,6,1024,42990000,2022-11-27 15:15:57.192847,GOLD,0,https://cdn1.viettelstore.vn/Images/Product/ProductImage/1784060469.jpeg
167,IPHONE 14 PRO,https://viettelstore.vn/dien-thoai/iphone-14-pro-256gb-pid293832.html,6,1024,42990000,2022-11-27 15:15:57.192847,SILVER,0,https://cdn1.viettelstore.vn/Images/Product/ProductImage/1784060469.jpeg
168,IPHONE 14,https://viettelstore.vn/dien-thoai/iphone-14-512gb-pid293823.html,6,512,29990000,2022-11-27 15:15:57.192847,RED,0,https://cdn1.viettelstore.vn/Images/Product/ProductImage/1269833301.jpeg
169,IPHONE 14,https://viettelstore.vn/dien-thoai/iphone-14-512gb-pid293823.html,6,512,29990000,2022-11-27 15:15:57.192847,PURPLE,0,https://cdn1.viettelstore.vn/Images/Product/ProductImage/1269833301.jpeg
170,IPHONE 14,https://viettelstore.vn/dien-thoai/iphone-14-512gb-pid293823.html,6,512,29990000,2022-11-27 15:15:57.192847,BLUE,0,https://cdn1.viettelstore.vn/Images/Product/ProductImage/1269833301.jpeg
171,IPHONE 14,https://viettelstore.vn/dien-thoai/iphone-14-512gb-pid293823.html,6,512,29990000,2022-11-27 15:15:57.192847,STARLIGHT,0,https://cdn1.viettelstore.vn/Images/Product/ProductImage/1269833301.jpeg
172,IPHONE 14,https://viettelstore.vn/dien-thoai/iphone-14-512gb-pid293823.html,6,512,29990000,2022-11-27 15:15:57.192847,MIDNIGHT,0,https://cdn1.viettelstore.vn/Images/Product/ProductImage/1269833301.jpeg
173,IPHONE 14,https://viettelstore.vn/dien-thoai/iphone-14-512gb-pid293823.html,6,128,21990000,2022-11-27 15:15:57.192847,RED,0,https://cdn1.viettelstore.vn/Images/Product/ProductImage/1269833301.jpeg
174,IPHONE 14,https://viettelstore.vn/dien-thoai/iphone-14-512gb-pid293823.html,6,128,21990000,2022-11-27 15:15:57.192847,PURPLE,0,https://cdn1.viettelstore.vn/Images/Product/ProductImage/1269833301.jpeg
175,IPHONE 14,https://viettelstore.vn/dien-thoai/iphone-14-512gb-pid293823.html,6,128,21990000,2022-11-27 15:15:57.192847,BLUE,0,https://cdn1.viettelstore.vn/Images/Product/ProductImage/1269833301.jpeg
176,IPHONE 14,https://viettelstore.vn/dien-thoai/iphone-14-512gb-pid293823.html,6,128,21990000,2022-11-27 15:15:57.192847,STARLIGHT,0,https://cdn1.viettelstore.vn/Images/Product/ProductImage/1269833301.jpeg
177,IPHONE 14,https://viettelstore.vn/dien-thoai/iphone-14-512gb-pid293823.html,6,128,21990000,2022-11-27 15:15:57.192847,MIDNIGHT,0,https://cdn1.viettelstore.vn/Images/Product/ProductImage/1269833301.jpeg
178,IPHONE 14,https://viettelstore.vn/dien-thoai/iphone-14-512gb-pid293823.html,6,256,24990000,2022-11-27 15:15:57.192847,RED,0,https://cdn1.viettelstore.vn/Images/Product/ProductImage/1269833301.jpeg
179,IPHONE 14,https://viettelstore.vn/dien-thoai/iphone-14-512gb-pid293823.html,6,256,24990000,2022-11-27 15:15:57.192847,PURPLE,0,https://cdn1.viettelstore.vn/Images/Product/ProductImage/1269833301.jpeg
180,IPHONE 14,https://viettelstore.vn/dien-thoai/iphone-14-512gb-pid293823.html,6,256,24990000,2022-11-27 15:15:57.192847,BLUE,0,https://cdn1.viettelstore.vn/Images/Product/ProductImage/1269833301.jpeg
181,IPHONE 14,https://viettelstore.vn/dien-thoai/iphone-14-512gb-pid293823.html,6,256,24990000,2022-11-27 15:15:57.192847,STARLIGHT,0,https://cdn1.viettelstore.vn/Images/Product/ProductImage/1269833301.jpeg
182,IPHONE 14,https://viettelstore.vn/dien-thoai/iphone-14-512gb-pid293823.html,6,256,24990000,2022-11-27 15:15:57.192847,MIDNIGHT,0,https://cdn1.viettelstore.vn/Images/Product/ProductImage/1269833301.jpeg
183,IPHONE 14 PRO MAX,https://viettelstore.vn/dien-thoai/iphone-14-pro-max-512gb-pid293828.html,6,512,41490000,2022-11-27 15:15:57.192847,SPACE BLACK,0,https://cdn1.viettelstore.vn/Images/Product/ProductImage/1644223101.jpeg
184,IPHONE 14 PRO MAX,https://viettelstore.vn/dien-thoai/iphone-14-pro-max-512gb-pid293828.html,6,512,41490000,2022-11-27 15:15:57.192847,DEEP PURPLE,0,https://cdn1.viettelstore.vn/Images/Product/ProductImage/1644223101.jpeg
185,IPHONE 14 PRO MAX,https://viettelstore.vn/dien-thoai/iphone-14-pro-max-512gb-pid293828.html,6,512,41490000,2022-11-27 15:15:57.192847,GOLD,0,https://cdn1.viettelstore.vn/Images/Product/ProductImage/1644223101.jpeg
186,IPHONE 14 PRO MAX,https://viettelstore.vn/dien-thoai/iphone-14-pro-max-512gb-pid293828.html,6,512,41490000,2022-11-27 15:15:57.192847,SILVER,0,https://cdn1.viettelstore.vn/Images/Product/ProductImage/1644223101.jpeg
187,IPHONE 14 PRO MAX,https://viettelstore.vn/dien-thoai/iphone-14-pro-max-512gb-pid293828.html,6,128,32490000,2022-11-27 15:15:57.192847,SPACE BLACK,0,https://cdn1.viettelstore.vn/Images/Product/ProductImage/1644223101.jpeg
188,IPHONE 14 PRO MAX,https://viettelstore.vn/dien-thoai/iphone-14-pro-max-512gb-pid293828.html,6,128,32490000,2022-11-27 15:15:57.192847,DEEP PURPLE,0,https://cdn1.viettelstore.vn/Images/Product/ProductImage/1644223101.jpeg
189,IPHONE 14 PRO MAX,https://viettelstore.vn/dien-thoai/iphone-14-pro-max-512gb-pid293828.html,6,128,32490000,2022-11-27 15:15:57.192847,GOLD,0,https://cdn1.viettelstore.vn/Images/Product/ProductImage/1644223101.jpeg
190,IPHONE 14 PRO MAX,https://viettelstore.vn/dien-thoai/iphone-14-pro-max-512gb-pid293828.html,6,128,32490000,2022-11-27 15:15:57.192847,SILVER,0,https://cdn1.viettelstore.vn/Images/Product/ProductImage/1644223101.jpeg
191,IPHONE 14 PRO MAX,https://viettelstore.vn/dien-thoai/iphone-14-pro-max-512gb-pid293828.html,6,256,35490000,2022-11-27 15:15:57.192847,SPACE BLACK,0,https://cdn1.viettelstore.vn/Images/Product/ProductImage/1644223101.jpeg
192,IPHONE 14 PRO MAX,https://viettelstore.vn/dien-thoai/iphone-14-pro-max-512gb-pid293828.html,6,256,35490000,2022-11-27 15:15:57.192847,DEEP PURPLE,0,https://cdn1.viettelstore.vn/Images/Product/ProductImage/1644223101.jpeg
193,IPHONE 14 PRO MAX,https://viettelstore.vn/dien-thoai/iphone-14-pro-max-512gb-pid293828.html,6,256,35490000,2022-11-27 15:15:57.192847,GOLD,0,https://cdn1.viettelstore.vn/Images/Product/ProductImage/1644223101.jpeg
194,IPHONE 14 PRO MAX,https://viettelstore.vn/dien-thoai/iphone-14-pro-max-512gb-pid293828.html,6,256,35490000,2022-11-27 15:15:57.192847,SILVER,0,https://cdn1.viettelstore.vn/Images/Product/ProductImage/1644223101.jpeg
195,IPHONE 14 PRO MAX,https://viettelstore.vn/dien-thoai/iphone-14-pro-max-512gb-pid293828.html,6,1024,47490000,2022-11-27 15:15:57.192847,SPACE BLACK,0,https://cdn1.viettelstore.vn/Images/Product/ProductImage/1644223101.jpeg
196,IPHONE 14 PRO MAX,https://viettelstore.vn/dien-thoai/iphone-14-pro-max-512gb-pid293828.html,6,1024,47490000,2022-11-27 15:15:57.192847,DEEP PURPLE,0,https://cdn1.viettelstore.vn/Images/Product/ProductImage/1644223101.jpeg
197,IPHONE 14 PRO MAX,https://viettelstore.vn/dien-thoai/iphone-14-pro-max-512gb-pid293828.html,6,1024,47490000,2022-11-27 15:15:57.192847,GOLD,0,https://cdn1.viettelstore.vn/Images/Product/ProductImage/1644223101.jpeg
198,IPHONE 14 PRO MAX,https://viettelstore.vn/dien-thoai/iphone-14-pro-max-512gb-pid293828.html,6,1024,47490000,2022-11-27 15:15:57.192847,SILVER,0,https://cdn1.viettelstore.vn/Images/Product/ProductImage/1644223101.jpeg
199,IPHONE 14 PRO MAX,https://viettelstore.vn/dien-thoai/iphone-14-pro-max-256gb-pid293827.html,6,256,35490000,2022-11-27 15:15:57.192847,SPACE BLACK,0,https://cdn1.viettelstore.vn/Images/Product/ProductImage/307840779.jpeg
200,IPHONE 14 PRO MAX,https://viettelstore.vn/dien-thoai/iphone-14-pro-max-256gb-pid293827.html,6,256,35490000,2022-11-27 15:15:57.192847,DEEP PURPLE,0,https://cdn1.viettelstore.vn/Images/Product/ProductImage/307840779.jpeg
201,IPHONE 14 PRO MAX,https://viettelstore.vn/dien-thoai/iphone-14-pro-max-256gb-pid293827.html,6,256,35490000,2022-11-27 15:15:57.192847,GOLD,0,https://cdn1.viettelstore.vn/Images/Product/ProductImage/307840779.jpeg
202,IPHONE 14 PRO MAX,https://viettelstore.vn/dien-thoai/iphone-14-pro-max-256gb-pid293827.html,6,256,35490000,2022-11-27 15:15:57.192847,SILVER,0,https://cdn1.viettelstore.vn/Images/Product/ProductImage/307840779.jpeg
203,IPHONE 14 PRO MAX,https://viettelstore.vn/dien-thoai/iphone-14-pro-max-256gb-pid293827.html,6,128,32490000,2022-11-27 15:15:57.192847,SPACE BLACK,0,https://cdn1.viettelstore.vn/Images/Product/ProductImage/307840779.jpeg
204,IPHONE 14 PRO MAX,https://viettelstore.vn/dien-thoai/iphone-14-pro-max-256gb-pid293827.html,6,128,32490000,2022-11-27 15:15:57.192847,DEEP PURPLE,0,https://cdn1.viettelstore.vn/Images/Product/ProductImage/307840779.jpeg
205,IPHONE 14 PRO MAX,https://viettelstore.vn/dien-thoai/iphone-14-pro-max-256gb-pid293827.html,6,128,32490000,2022-11-27 15:15:57.192847,GOLD,0,https://cdn1.viettelstore.vn/Images/Product/ProductImage/307840779.jpeg
206,IPHONE 14 PRO MAX,https://viettelstore.vn/dien-thoai/iphone-14-pro-max-256gb-pid293827.html,6,128,32490000,2022-11-27 15:15:57.192847,SILVER,0,https://cdn1.viettelstore.vn/Images/Product/ProductImage/307840779.jpeg
207,IPHONE 14 PRO MAX,https://viettelstore.vn/dien-thoai/iphone-14-pro-max-256gb-pid293827.html,6,512,41490000,2022-11-27 15:15:57.192847,SPACE BLACK,0,https://cdn1.viettelstore.vn/Images/Product/ProductImage/307840779.jpeg
208,IPHONE 14 PRO MAX,https://viettelstore.vn/dien-thoai/iphone-14-pro-max-256gb-pid293827.html,6,512,41490000,2022-11-27 15:15:57.192847,DEEP PURPLE,0,https://cdn1.viettelstore.vn/Images/Product/ProductImage/307840779.jpeg
209,IPHONE 14 PRO MAX,https://viettelstore.vn/dien-thoai/iphone-14-pro-max-256gb-pid293827.html,6,512,41490000,2022-11-27 15:15:57.192847,GOLD,0,https://cdn1.viettelstore.vn/Images/Product/ProductImage/307840779.jpeg
210,IPHONE 14 PRO MAX,https://viettelstore.vn/dien-thoai/iphone-14-pro-max-256gb-pid293827.html,6,512,41490000,2022-11-27 15:15:57.192847,SILVER,0,https://cdn1.viettelstore.vn/Images/Product/ProductImage/307840779.jpeg
211,IPHONE 14 PRO MAX,https://viettelstore.vn/dien-thoai/iphone-14-pro-max-256gb-pid293827.html,6,1024,47490000,2022-11-27 15:15:57.192847,SPACE BLACK,0,https://cdn1.viettelstore.vn/Images/Product/ProductImage/307840779.jpeg
212,IPHONE 14 PRO MAX,https://viettelstore.vn/dien-thoai/iphone-14-pro-max-256gb-pid293827.html,6,1024,47490000,2022-11-27 15:15:57.192847,DEEP PURPLE,0,https://cdn1.viettelstore.vn/Images/Product/ProductImage/307840779.jpeg
213,IPHONE 14 PRO MAX,https://viettelstore.vn/dien-thoai/iphone-14-pro-max-256gb-pid293827.html,6,1024,47490000,2022-11-27 15:15:57.192847,GOLD,0,https://cdn1.viettelstore.vn/Images/Product/ProductImage/307840779.jpeg
214,IPHONE 14 PRO MAX,https://viettelstore.vn/dien-thoai/iphone-14-pro-max-256gb-pid293827.html,6,1024,47490000,2022-11-27 15:15:57.192847,SILVER,0,https://cdn1.viettelstore.vn/Images/Product/ProductImage/307840779.jpeg
215,IPHONE 14 PRO,https://viettelstore.vn/dien-thoai/iphone-14-pro-512gb-pid293833.html,6,512,36990000,2022-11-27 15:15:57.192847,SPACE BLACK,0,https://cdn1.viettelstore.vn/Images/Product/ProductImage/316580194.jpeg
216,IPHONE 14 PRO,https://viettelstore.vn/dien-thoai/iphone-14-pro-512gb-pid293833.html,6,512,36990000,2022-11-27 15:15:57.192847,DEEP PURPLE,0,https://cdn1.viettelstore.vn/Images/Product/ProductImage/316580194.jpeg
217,IPHONE 14 PRO,https://viettelstore.vn/dien-thoai/iphone-14-pro-512gb-pid293833.html,6,512,36990000,2022-11-27 15:15:57.192847,GOLD,0,https://cdn1.viettelstore.vn/Images/Product/ProductImage/316580194.jpeg
218,IPHONE 14 PRO,https://viettelstore.vn/dien-thoai/iphone-14-pro-512gb-pid293833.html,6,512,36990000,2022-11-27 15:15:57.192847,SILVER,0,https://cdn1.viettelstore.vn/Images/Product/ProductImage/316580194.jpeg
219,IPHONE 14 PRO,https://viettelstore.vn/dien-thoai/iphone-14-pro-512gb-pid293833.html,6,128,29490000,2022-11-27 15:15:57.192847,SPACE BLACK,0,https://cdn1.viettelstore.vn/Images/Product/ProductImage/316580194.jpeg
220,IPHONE 14 PRO,https://viettelstore.vn/dien-thoai/iphone-14-pro-512gb-pid293833.html,6,128,29490000,2022-11-27 15:15:57.192847,DEEP PURPLE,0,https://cdn1.viettelstore.vn/Images/Product/ProductImage/316580194.jpeg
221,IPHONE 14 PRO,https://viettelstore.vn/dien-thoai/iphone-14-pro-512gb-pid293833.html,6,128,29490000,2022-11-27 15:15:57.192847,GOLD,0,https://cdn1.viettelstore.vn/Images/Product/ProductImage/316580194.jpeg
222,IPHONE 14 PRO,https://viettelstore.vn/dien-thoai/iphone-14-pro-512gb-pid293833.html,6,128,29490000,2022-11-27 15:15:57.192847,SILVER,0,https://cdn1.viettelstore.vn/Images/Product/ProductImage/316580194.jpeg
223,IPHONE 14 PRO,https://viettelstore.vn/dien-thoai/iphone-14-pro-512gb-pid293833.html,6,256,32490000,2022-11-27 15:15:57.192847,SPACE BLACK,0,https://cdn1.viettelstore.vn/Images/Product/ProductImage/316580194.jpeg
224,IPHONE 14 PRO,https://viettelstore.vn/dien-thoai/iphone-14-pro-512gb-pid293833.html,6,256,32490000,2022-11-27 15:15:57.192847,DEEP PURPLE,0,https://cdn1.viettelstore.vn/Images/Product/ProductImage/316580194.jpeg
225,IPHONE 14 PRO,https://viettelstore.vn/dien-thoai/iphone-14-pro-512gb-pid293833.html,6,256,32490000,2022-11-27 15:15:57.192847,GOLD,0,https://cdn1.viettelstore.vn/Images/Product/ProductImage/316580194.jpeg
226,IPHONE 14 PRO,https://viettelstore.vn/dien-thoai/iphone-14-pro-512gb-pid293833.html,6,256,32490000,2022-11-27 15:15:57.192847,SILVER,0,https://cdn1.viettelstore.vn/Images/Product/ProductImage/316580194.jpeg
227,IPHONE 14 PRO,https://viettelstore.vn/dien-thoai/iphone-14-pro-512gb-pid293833.html,6,1024,42990000,2022-11-27 15:15:57.192847,SPACE BLACK,0,https://cdn1.viettelstore.vn/Images/Product/ProductImage/316580194.jpeg
228,IPHONE 14 PRO,https://viettelstore.vn/dien-thoai/iphone-14-pro-512gb-pid293833.html,6,1024,42990000,2022-11-27 15:15:57.192847,DEEP PURPLE,0,https://cdn1.viettelstore.vn/Images/Product/ProductImage/316580194.jpeg
229,IPHONE 14 PRO,https://viettelstore.vn/dien-thoai/iphone-14-pro-512gb-pid293833.html,6,1024,42990000,2022-11-27 15:15:57.192847,GOLD,0,https://cdn1.viettelstore.vn/Images/Product/ProductImage/316580194.jpeg
230,IPHONE 14 PRO,https://viettelstore.vn/dien-thoai/iphone-14-pro-512gb-pid293833.html,6,1024,42990000,2022-11-27 15:15:57.192847,SILVER,0,https://cdn1.viettelstore.vn/Images/Product/ProductImage/316580194.jpeg
231,IPHONE 14,https://viettelstore.vn/dien-thoai/iphone-14-256gb-pid293822.html,6,256,24990000,2022-11-27 15:15:57.192847,RED,0,https://cdn1.viettelstore.vn/Images/Product/ProductImage/165738241.jpeg
232,IPHONE 14,https://viettelstore.vn/dien-thoai/iphone-14-256gb-pid293822.html,6,256,24990000,2022-11-27 15:15:57.192847,PURPLE,0,https://cdn1.viettelstore.vn/Images/Product/ProductImage/165738241.jpeg
233,IPHONE 14,https://viettelstore.vn/dien-thoai/iphone-14-256gb-pid293822.html,6,256,24990000,2022-11-27 15:15:57.192847,BLUE,0,https://cdn1.viettelstore.vn/Images/Product/ProductImage/165738241.jpeg
234,IPHONE 14,https://viettelstore.vn/dien-thoai/iphone-14-256gb-pid293822.html,6,256,24990000,2022-11-27 15:15:57.192847,STARLIGHT,0,https://cdn1.viettelstore.vn/Images/Product/ProductImage/165738241.jpeg
235,IPHONE 14,https://viettelstore.vn/dien-thoai/iphone-14-256gb-pid293822.html,6,256,24990000,2022-11-27 15:15:57.192847,MIDNIGHT,0,https://cdn1.viettelstore.vn/Images/Product/ProductImage/165738241.jpeg
236,IPHONE 14,https://viettelstore.vn/dien-thoai/iphone-14-256gb-pid293822.html,6,128,21990000,2022-11-27 15:15:57.192847,RED,0,https://cdn1.viettelstore.vn/Images/Product/ProductImage/165738241.jpeg
237,IPHONE 14,https://viettelstore.vn/dien-thoai/iphone-14-256gb-pid293822.html,6,128,21990000,2022-11-27 15:15:57.192847,PURPLE,0,https://cdn1.viettelstore.vn/Images/Product/ProductImage/165738241.jpeg
238,IPHONE 14,https://viettelstore.vn/dien-thoai/iphone-14-256gb-pid293822.html,6,128,21990000,2022-11-27 15:15:57.192847,BLUE,0,https://cdn1.viettelstore.vn/Images/Product/ProductImage/165738241.jpeg
239,IPHONE 14,https://viettelstore.vn/dien-thoai/iphone-14-256gb-pid293822.html,6,128,21990000,2022-11-27 15:15:57.192847,STARLIGHT,0,https://cdn1.viettelstore.vn/Images/Product/ProductImage/165738241.jpeg
240,IPHONE 14,https://viettelstore.vn/dien-thoai/iphone-14-256gb-pid293822.html,6,128,21990000,2022-11-27 15:15:57.192847,MIDNIGHT,0,https://cdn1.viettelstore.vn/Images/Product/ProductImage/165738241.jpeg
241,IPHONE 14,https://viettelstore.vn/dien-thoai/iphone-14-256gb-pid293822.html,6,512,29990000,2022-11-27 15:15:57.192847,RED,0,https://cdn1.viettelstore.vn/Images/Product/ProductImage/165738241.jpeg
242,IPHONE 14,https://viettelstore.vn/dien-thoai/iphone-14-256gb-pid293822.html,6,512,29990000,2022-11-27 15:15:57.192847,PURPLE,0,https://cdn1.viettelstore.vn/Images/Product/ProductImage/165738241.jpeg
243,IPHONE 14,https://viettelstore.vn/dien-thoai/iphone-14-256gb-pid293822.html,6,512,29990000,2022-11-27 15:15:57.192847,BLUE,0,https://cdn1.viettelstore.vn/Images/Product/ProductImage/165738241.jpeg
244,IPHONE 14,https://viettelstore.vn/dien-thoai/iphone-14-256gb-pid293822.html,6,512,29990000,2022-11-27 15:15:57.192847,STARLIGHT,0,https://cdn1.viettelstore.vn/Images/Product/ProductImage/165738241.jpeg
245,IPHONE 14,https://viettelstore.vn/dien-thoai/iphone-14-256gb-pid293822.html,6,512,29990000,2022-11-27 15:15:57.192847,MIDNIGHT,0,https://cdn1.viettelstore.vn/Images/Product/ProductImage/165738241.jpeg
246,IPHONE 14 PRO MAX,https://viettelstore.vn/dien-thoai/iphone-14-pro-max-1tb-pid293829.html,6,1024,47490000,2022-11-27 15:15:57.192847,SPACE BLACK,0,https://cdn1.viettelstore.vn/Images/Product/ProductImage/265176894.jpeg
247,IPHONE 14 PRO MAX,https://viettelstore.vn/dien-thoai/iphone-14-pro-max-1tb-pid293829.html,6,1024,47490000,2022-11-27 15:15:57.192847,DEEP PURPLE,0,https://cdn1.viettelstore.vn/Images/Product/ProductImage/265176894.jpeg
248,IPHONE 14 PRO MAX,https://viettelstore.vn/dien-thoai/iphone-14-pro-max-1tb-pid293829.html,6,1024,47490000,2022-11-27 15:15:57.192847,GOLD,0,https://cdn1.viettelstore.vn/Images/Product/ProductImage/265176894.jpeg
249,IPHONE 14 PRO MAX,https://viettelstore.vn/dien-thoai/iphone-14-pro-max-1tb-pid293829.html,6,1024,47490000,2022-11-27 15:15:57.192847,SILVER,0,https://cdn1.viettelstore.vn/Images/Product/ProductImage/265176894.jpeg
250,IPHONE 14 PRO MAX,https://viettelstore.vn/dien-thoai/iphone-14-pro-max-1tb-pid293829.html,6,128,32490000,2022-11-27 15:15:57.192847,SPACE BLACK,0,https://cdn1.viettelstore.vn/Images/Product/ProductImage/265176894.jpeg
251,IPHONE 14 PRO MAX,https://viettelstore.vn/dien-thoai/iphone-14-pro-max-1tb-pid293829.html,6,128,32490000,2022-11-27 15:15:57.192847,DEEP PURPLE,0,https://cdn1.viettelstore.vn/Images/Product/ProductImage/265176894.jpeg
252,IPHONE 14 PRO MAX,https://viettelstore.vn/dien-thoai/iphone-14-pro-max-1tb-pid293829.html,6,128,32490000,2022-11-27 15:15:57.192847,GOLD,0,https://cdn1.viettelstore.vn/Images/Product/ProductImage/265176894.jpeg
253,IPHONE 14 PRO MAX,https://viettelstore.vn/dien-thoai/iphone-14-pro-max-1tb-pid293829.html,6,128,32490000,2022-11-27 15:15:57.192847,SILVER,0,https://cdn1.viettelstore.vn/Images/Product/ProductImage/265176894.jpeg
254,IPHONE 14 PRO MAX,https://viettelstore.vn/dien-thoai/iphone-14-pro-max-1tb-pid293829.html,6,256,35490000,2022-11-27 15:15:57.192847,SPACE BLACK,0,https://cdn1.viettelstore.vn/Images/Product/ProductImage/265176894.jpeg
255,IPHONE 14 PRO MAX,https://viettelstore.vn/dien-thoai/iphone-14-pro-max-1tb-pid293829.html,6,256,35490000,2022-11-27 15:15:57.192847,DEEP PURPLE,0,https://cdn1.viettelstore.vn/Images/Product/ProductImage/265176894.jpeg
256,IPHONE 14 PRO MAX,https://viettelstore.vn/dien-thoai/iphone-14-pro-max-1tb-pid293829.html,6,256,35490000,2022-11-27 15:15:57.192847,GOLD,0,https://cdn1.viettelstore.vn/Images/Product/ProductImage/265176894.jpeg
257,IPHONE 14 PRO MAX,https://viettelstore.vn/dien-thoai/iphone-14-pro-max-1tb-pid293829.html,6,256,35490000,2022-11-27 15:15:57.192847,SILVER,0,https://cdn1.viettelstore.vn/Images/Product/ProductImage/265176894.jpeg
258,IPHONE 14 PRO MAX,https://viettelstore.vn/dien-thoai/iphone-14-pro-max-1tb-pid293829.html,6,512,41490000,2022-11-27 15:15:57.192847,SPACE BLACK,0,https://cdn1.viettelstore.vn/Images/Product/ProductImage/265176894.jpeg
259,IPHONE 14 PRO MAX,https://viettelstore.vn/dien-thoai/iphone-14-pro-max-1tb-pid293829.html,6,512,41490000,2022-11-27 15:15:57.192847,DEEP PURPLE,0,https://cdn1.viettelstore.vn/Images/Product/ProductImage/265176894.jpeg
260,IPHONE 14 PRO MAX,https://viettelstore.vn/dien-thoai/iphone-14-pro-max-1tb-pid293829.html,6,512,41490000,2022-11-27 15:15:57.192847,GOLD,0,https://cdn1.viettelstore.vn/Images/Product/ProductImage/265176894.jpeg
261,IPHONE 14 PRO MAX,https://viettelstore.vn/dien-thoai/iphone-14-pro-max-1tb-pid293829.html,6,512,41490000,2022-11-27 15:15:57.192847,SILVER,0,https://cdn1.viettelstore.vn/Images/Product/ProductImage/265176894.jpeg
262,IPHONE 13,https://viettelstore.vn/dien-thoai/iphone-13-128gb-pid288660.html,4,128,18990000,2022-11-27 15:15:57.192847,RED,0,https://cdn1.viettelstore.vn/Images/Product/ProductImage/1195250717.jpeg
263,IPHONE 13,https://viettelstore.vn/dien-thoai/iphone-13-128gb-pid288660.html,4,128,18990000,2022-11-27 15:15:57.192847,BLUE,0,https://cdn1.viettelstore.vn/Images/Product/ProductImage/1195250717.jpeg
264,IPHONE 13,https://viettelstore.vn/dien-thoai/iphone-13-128gb-pid288660.html,4,128,18990000,2022-11-27 15:15:57.192847,PINK,0,https://cdn1.viettelstore.vn/Images/Product/ProductImage/1195250717.jpeg
265,IPHONE 13,https://viettelstore.vn/dien-thoai/iphone-13-128gb-pid288660.html,4,128,18990000,2022-11-27 15:15:57.192847,STARLIGHT,0,https://cdn1.viettelstore.vn/Images/Product/ProductImage/1195250717.jpeg
266,IPHONE 13,https://viettelstore.vn/dien-thoai/iphone-13-128gb-pid288660.html,4,128,18990000,2022-11-27 15:15:57.192847,MIDNIGHT,0,https://cdn1.viettelstore.vn/Images/Product/ProductImage/1195250717.jpeg
267,IPHONE 13,https://viettelstore.vn/dien-thoai/iphone-13-128gb-pid288660.html,4,128,18990000,2022-11-27 15:15:57.192847,GREEN,0,https://cdn1.viettelstore.vn/Images/Product/ProductImage/1195250717.jpeg
268,IPHONE 13,https://viettelstore.vn/dien-thoai/iphone-13-128gb-pid288660.html,4,256,21990000,2022-11-27 15:15:57.192847,RED,0,https://cdn1.viettelstore.vn/Images/Product/ProductImage/1195250717.jpeg
269,IPHONE 13,https://viettelstore.vn/dien-thoai/iphone-13-128gb-pid288660.html,4,256,21990000,2022-11-27 15:15:57.192847,BLUE,0,https://cdn1.viettelstore.vn/Images/Product/ProductImage/1195250717.jpeg
270,IPHONE 13,https://viettelstore.vn/dien-thoai/iphone-13-128gb-pid288660.html,4,256,21990000,2022-11-27 15:15:57.192847,PINK,0,https://cdn1.viettelstore.vn/Images/Product/ProductImage/1195250717.jpeg
271,IPHONE 13,https://viettelstore.vn/dien-thoai/iphone-13-128gb-pid288660.html,4,256,21990000,2022-11-27 15:15:57.192847,STARLIGHT,0,https://cdn1.viettelstore.vn/Images/Product/ProductImage/1195250717.jpeg
272,IPHONE 13,https://viettelstore.vn/dien-thoai/iphone-13-128gb-pid288660.html,4,256,21990000,2022-11-27 15:15:57.192847,MIDNIGHT,0,https://cdn1.viettelstore.vn/Images/Product/ProductImage/1195250717.jpeg
273,IPHONE 13,https://viettelstore.vn/dien-thoai/iphone-13-128gb-pid288660.html,4,256,21990000,2022-11-27 15:15:57.192847,GREEN,0,https://cdn1.viettelstore.vn/Images/Product/ProductImage/1195250717.jpeg
274,IPHONE 12,https://viettelstore.vn/dien-thoai/iphone-12-pid145802.html,4,64,15990000,2022-11-27 15:15:57.192847,RED,0,https://cdn1.viettelstore.vn/Images/Product/ProductImage/506981506.jpeg
275,IPHONE 12,https://viettelstore.vn/dien-thoai/iphone-12-pid145802.html,4,64,15990000,2022-11-27 15:15:57.192847,WHITE,0,https://cdn1.viettelstore.vn/Images/Product/ProductImage/506981506.jpeg
276,IPHONE 12,https://viettelstore.vn/dien-thoai/iphone-12-pid145802.html,4,64,15990000,2022-11-27 15:15:57.192847,BLUE,0,https://cdn1.viettelstore.vn/Images/Product/ProductImage/506981506.jpeg
277,IPHONE 12,https://viettelstore.vn/dien-thoai/iphone-12-pid145802.html,4,64,15990000,2022-11-27 15:15:57.192847,BLACK,0,https://cdn1.viettelstore.vn/Images/Product/ProductImage/506981506.jpeg
278,IPHONE 12,https://viettelstore.vn/dien-thoai/iphone-12-pid145802.html,4,128,17490000,2022-11-27 15:15:57.192847,RED,0,https://cdn1.viettelstore.vn/Images/Product/ProductImage/506981506.jpeg
279,IPHONE 12,https://viettelstore.vn/dien-thoai/iphone-12-pid145802.html,4,128,17490000,2022-11-27 15:15:57.192847,WHITE,0,https://cdn1.viettelstore.vn/Images/Product/ProductImage/506981506.jpeg
280,IPHONE 12,https://viettelstore.vn/dien-thoai/iphone-12-pid145802.html,4,128,17490000,2022-11-27 15:15:57.192847,BLUE,0,https://cdn1.viettelstore.vn/Images/Product/ProductImage/506981506.jpeg
281,IPHONE 12,https://viettelstore.vn/dien-thoai/iphone-12-pid145802.html,4,128,17490000,2022-11-27 15:15:57.192847,BLACK,0,https://cdn1.viettelstore.vn/Images/Product/ProductImage/506981506.jpeg
282,IPHONE 11,https://viettelstore.vn/dien-thoai/iphone-11-pid139896.html,4,64,10990000,2022-11-27 15:15:57.192847,RED,0,https://cdn1.viettelstore.vn/Images/Product/ProductImage/286885732.jpeg
283,IPHONE 11,https://viettelstore.vn/dien-thoai/iphone-11-pid139896.html,4,64,10990000,2022-11-27 15:15:57.192847,WHITE,0,https://cdn1.viettelstore.vn/Images/Product/ProductImage/286885732.jpeg
284,IPHONE 11,https://viettelstore.vn/dien-thoai/iphone-11-pid139896.html,4,64,10990000,2022-11-27 15:15:57.192847,BLACK,0,https://cdn1.viettelstore.vn/Images/Product/ProductImage/286885732.jpeg
285,IPHONE 11,https://viettelstore.vn/dien-thoai/iphone-11-pid139896.html,4,64,10990000,2022-11-27 15:15:57.192847,GREEN,0,https://cdn1.viettelstore.vn/Images/Product/ProductImage/286885732.jpeg
286,IPHONE 11,https://viettelstore.vn/dien-thoai/iphone-11-pid139896.html,4,128,12490000,2022-11-27 15:15:57.192847,RED,0,https://cdn1.viettelstore.vn/Images/Product/ProductImage/286885732.jpeg
287,IPHONE 11,https://viettelstore.vn/dien-thoai/iphone-11-pid139896.html,4,128,12490000,2022-11-27 15:15:57.192847,WHITE,0,https://cdn1.viettelstore.vn/Images/Product/ProductImage/286885732.jpeg
288,IPHONE 11,https://viettelstore.vn/dien-thoai/iphone-11-pid139896.html,4,128,12490000,2022-11-27 15:15:57.192847,BLACK,0,https://cdn1.viettelstore.vn/Images/Product/ProductImage/286885732.jpeg
289,IPHONE 11,https://viettelstore.vn/dien-thoai/iphone-11-pid139896.html,4,128,12490000,2022-11-27 15:15:57.192847,GREEN,0,https://cdn1.viettelstore.vn/Images/Product/ProductImage/286885732.jpeg
290,IPHONE 13 MINI,https://viettelstore.vn/dien-thoai/iphone-13-mini-128gb-pid288657.html,6,128,17990000,2022-11-27 15:15:57.192847,RED,0,https://cdn1.viettelstore.vn/Images/Product/ProductImage/1766635160.jpeg
291,IPHONE 13 MINI,https://viettelstore.vn/dien-thoai/iphone-13-mini-128gb-pid288657.html,6,128,17990000,2022-11-27 15:15:57.192847,PINK,0,https://cdn1.viettelstore.vn/Images/Product/ProductImage/1766635160.jpeg
292,IPHONE 13 MINI,https://viettelstore.vn/dien-thoai/iphone-13-mini-128gb-pid288657.html,6,128,17990000,2022-11-27 15:15:57.192847,MIDNIGHT,0,https://cdn1.viettelstore.vn/Images/Product/ProductImage/1766635160.jpeg
293,IPHONE 13 MINI,https://viettelstore.vn/dien-thoai/iphone-13-mini-128gb-pid288657.html,6,128,17990000,2022-11-27 15:15:57.192847,GREEN,0,https://cdn1.viettelstore.vn/Images/Product/ProductImage/1766635160.jpeg
294,IPHONE 13 MINI,https://viettelstore.vn/dien-thoai/iphone-13-mini-128gb-pid288657.html,6,256,unknown,2022-11-27 15:15:57.192847,RED,0,https://cdn1.viettelstore.vn/Images/Product/ProductImage/1766635160.jpeg
295,IPHONE 13 MINI,https://viettelstore.vn/dien-thoai/iphone-13-mini-128gb-pid288657.html,6,256,unknown,2022-11-27 15:15:57.192847,PINK,0,https://cdn1.viettelstore.vn/Images/Product/ProductImage/1766635160.jpeg
296,IPHONE 13 MINI,https://viettelstore.vn/dien-thoai/iphone-13-mini-128gb-pid288657.html,6,256,unknown,2022-11-27 15:15:57.192847,MIDNIGHT,0,https://cdn1.viettelstore.vn/Images/Product/ProductImage/1766635160.jpeg
297,IPHONE 13 MINI,https://viettelstore.vn/dien-thoai/iphone-13-mini-128gb-pid288657.html,6,256,unknown,2022-11-27 15:15:57.192847,GREEN,0,https://cdn1.viettelstore.vn/Images/Product/ProductImage/1766635160.jpeg
298,IPHONE 13 PRO,https://viettelstore.vn/dien-thoai/iphone-13-pro-1tb-pid288666.html,6,1024,39290000,2022-11-27 15:15:57.192847,GRAPHITE,0,https://cdn1.viettelstore.vn/Images/Product/ProductImage/927751743.jpeg
299,IPHONE 13 PRO,https://viettelstore.vn/dien-thoai/iphone-13-pro-1tb-pid288666.html,6,1024,39290000,2022-11-27 15:15:57.192847,SIERRA BLUE,0,https://cdn1.viettelstore.vn/Images/Product/ProductImage/927751743.jpeg
300,IPHONE 13 PRO,https://viettelstore.vn/dien-thoai/iphone-13-pro-1tb-pid288666.html,6,1024,39290000,2022-11-27 15:15:57.192847,ALPINE GREEN,0,https://cdn1.viettelstore.vn/Images/Product/ProductImage/927751743.jpeg
301,IPHONE 13 PRO,https://viettelstore.vn/dien-thoai/iphone-13-pro-1tb-pid288666.html,6,1024,39290000,2022-11-27 15:15:57.192847,GOLD,0,https://cdn1.viettelstore.vn/Images/Product/ProductImage/927751743.jpeg
302,IPHONE 13 PRO,https://viettelstore.vn/dien-thoai/iphone-13-pro-1tb-pid288666.html,6,1024,39290000,2022-11-27 15:15:57.192847,SILVER,0,https://cdn1.viettelstore.vn/Images/Product/ProductImage/927751743.jpeg
303,IPHONE 13 PRO,https://viettelstore.vn/dien-thoai/iphone-13-pro-1tb-pid288666.html,6,128,unknown,2022-11-27 15:15:57.192847,GRAPHITE,0,https://cdn1.viettelstore.vn/Images/Product/ProductImage/927751743.jpeg
304,IPHONE 13 PRO,https://viettelstore.vn/dien-thoai/iphone-13-pro-1tb-pid288666.html,6,128,unknown,2022-11-27 15:15:57.192847,SIERRA BLUE,0,https://cdn1.viettelstore.vn/Images/Product/ProductImage/927751743.jpeg
305,IPHONE 13 PRO,https://viettelstore.vn/dien-thoai/iphone-13-pro-1tb-pid288666.html,6,128,unknown,2022-11-27 15:15:57.192847,ALPINE GREEN,0,https://cdn1.viettelstore.vn/Images/Product/ProductImage/927751743.jpeg
306,IPHONE 13 PRO,https://viettelstore.vn/dien-thoai/iphone-13-pro-1tb-pid288666.html,6,128,unknown,2022-11-27 15:15:57.192847,GOLD,0,https://cdn1.viettelstore.vn/Images/Product/ProductImage/927751743.jpeg
307,IPHONE 13 PRO,https://viettelstore.vn/dien-thoai/iphone-13-pro-1tb-pid288666.html,6,128,unknown,2022-11-27 15:15:57.192847,SILVER,0,https://cdn1.viettelstore.vn/Images/Product/ProductImage/927751743.jpeg
308,IPHONE 13 PRO,https://viettelstore.vn/dien-thoai/iphone-13-pro-1tb-pid288666.html,6,256,28990000,2022-11-27 15:15:57.192847,GRAPHITE,0,https://cdn1.viettelstore.vn/Images/Product/ProductImage/927751743.jpeg
309,IPHONE 13 PRO,https://viettelstore.vn/dien-thoai/iphone-13-pro-1tb-pid288666.html,6,256,28990000,2022-11-27 15:15:57.192847,SIERRA BLUE,0,https://cdn1.viettelstore.vn/Images/Product/ProductImage/927751743.jpeg
310,IPHONE 13 PRO,https://viettelstore.vn/dien-thoai/iphone-13-pro-1tb-pid288666.html,6,256,28990000,2022-11-27 15:15:57.192847,ALPINE GREEN,0,https://cdn1.viettelstore.vn/Images/Product/ProductImage/927751743.jpeg
311,IPHONE 13 PRO,https://viettelstore.vn/dien-thoai/iphone-13-pro-1tb-pid288666.html,6,256,28990000,2022-11-27 15:15:57.192847,GOLD,0,https://cdn1.viettelstore.vn/Images/Product/ProductImage/927751743.jpeg
312,IPHONE 13 PRO,https://viettelstore.vn/dien-thoai/iphone-13-pro-1tb-pid288666.html,6,256,28990000,2022-11-27 15:15:57.192847,SILVER,0,https://cdn1.viettelstore.vn/Images/Product/ProductImage/927751743.jpeg
313,IPHONE 13 PRO,https://viettelstore.vn/dien-thoai/iphone-13-pro-1tb-pid288666.html,6,512,34290000,2022-11-27 15:15:57.192847,GRAPHITE,0,https://cdn1.viettelstore.vn/Images/Product/ProductImage/927751743.jpeg
314,IPHONE 13 PRO,https://viettelstore.vn/dien-thoai/iphone-13-pro-1tb-pid288666.html,6,512,34290000,2022-11-27 15:15:57.192847,SIERRA BLUE,0,https://cdn1.viettelstore.vn/Images/Product/ProductImage/927751743.jpeg
315,IPHONE 13 PRO,https://viettelstore.vn/dien-thoai/iphone-13-pro-1tb-pid288666.html,6,512,34290000,2022-11-27 15:15:57.192847,ALPINE GREEN,0,https://cdn1.viettelstore.vn/Images/Product/ProductImage/927751743.jpeg
316,IPHONE 13 PRO,https://viettelstore.vn/dien-thoai/iphone-13-pro-1tb-pid288666.html,6,512,34290000,2022-11-27 15:15:57.192847,GOLD,0,https://cdn1.viettelstore.vn/Images/Product/ProductImage/927751743.jpeg
317,IPHONE 13 PRO,https://viettelstore.vn/dien-thoai/iphone-13-pro-1tb-pid288666.html,6,512,34290000,2022-11-27 15:15:57.192847,SILVER,0,https://cdn1.viettelstore.vn/Images/Product/ProductImage/927751743.jpeg
318,IPHONE 13 PRO,https://viettelstore.vn/dien-thoai/iphone-13-pro-512gb-pid288665.html,6,512,34290000,2022-11-27 15:15:57.192847,SIERRA BLUE,0,https://cdn1.viettelstore.vn/Images/Product/ProductImage/1955203951.jpeg
319,IPHONE 13 PRO,https://viettelstore.vn/dien-thoai/iphone-13-pro-512gb-pid288665.html,6,128,unknown,2022-11-27 15:15:57.192847,SIERRA BLUE,0,https://cdn1.viettelstore.vn/Images/Product/ProductImage/1955203951.jpeg
320,IPHONE 13 PRO,https://viettelstore.vn/dien-thoai/iphone-13-pro-512gb-pid288665.html,6,256,28990000,2022-11-27 15:15:57.192847,SIERRA BLUE,0,https://cdn1.viettelstore.vn/Images/Product/ProductImage/1955203951.jpeg
321,IPHONE 13 PRO,https://viettelstore.vn/dien-thoai/iphone-13-pro-512gb-pid288665.html,6,1024,39290000,2022-11-27 15:15:57.192847,SIERRA BLUE,0,https://cdn1.viettelstore.vn/Images/Product/ProductImage/1955203951.jpeg
322,IPHONE 13,https://viettelstore.vn/dien-thoai/iphone-13-256gb-pid288661.html,4,256,21990000,2022-11-27 15:15:57.192847,RED,0,https://cdn1.viettelstore.vn/Images/Product/ProductImage/1681971504.jpeg
323,IPHONE 13,https://viettelstore.vn/dien-thoai/iphone-13-256gb-pid288661.html,4,256,21990000,2022-11-27 15:15:57.192847,BLUE,0,https://cdn1.viettelstore.vn/Images/Product/ProductImage/1681971504.jpeg
324,IPHONE 13,https://viettelstore.vn/dien-thoai/iphone-13-256gb-pid288661.html,4,256,21990000,2022-11-27 15:15:57.192847,MIDNIGHT,0,https://cdn1.viettelstore.vn/Images/Product/ProductImage/1681971504.jpeg
325,IPHONE 13,https://viettelstore.vn/dien-thoai/iphone-13-256gb-pid288661.html,4,128,18990000,2022-11-27 15:15:57.192847,RED,0,https://cdn1.viettelstore.vn/Images/Product/ProductImage/1681971504.jpeg
326,IPHONE 13,https://viettelstore.vn/dien-thoai/iphone-13-256gb-pid288661.html,4,128,18990000,2022-11-27 15:15:57.192847,BLUE,0,https://cdn1.viettelstore.vn/Images/Product/ProductImage/1681971504.jpeg
327,IPHONE 13,https://viettelstore.vn/dien-thoai/iphone-13-256gb-pid288661.html,4,128,18990000,2022-11-27 15:15:57.192847,MIDNIGHT,0,https://cdn1.viettelstore.vn/Images/Product/ProductImage/1681971504.jpeg
328,IPHONE 12,https://viettelstore.vn/dien-thoai/iphone-12-128gb-pid159094.html,4,128,17490000,2022-11-27 15:15:57.192847,BLUE,0,https://cdn1.viettelstore.vn/Images/Product/ProductImage/2082987688.jpeg
329,IPHONE 12,https://viettelstore.vn/dien-thoai/iphone-12-128gb-pid159094.html,4,128,17490000,2022-11-27 15:15:57.192847,BLACK,0,https://cdn1.viettelstore.vn/Images/Product/ProductImage/2082987688.jpeg
330,IPHONE 12,https://viettelstore.vn/dien-thoai/iphone-12-128gb-pid159094.html,4,64,15990000,2022-11-27 15:15:57.192847,BLUE,0,https://cdn1.viettelstore.vn/Images/Product/ProductImage/2082987688.jpeg
331,IPHONE 12,https://viettelstore.vn/dien-thoai/iphone-12-128gb-pid159094.html,4,64,15990000,2022-11-27 15:15:57.192847,BLACK,0,https://cdn1.viettelstore.vn/Images/Product/ProductImage/2082987688.jpeg
332,IPHONE SE,https://viettelstore.vn/dien-thoai/iphone-se-2022-64gb-pid289250.html,2,64,11490000,2022-11-27 15:15:57.192847,RED,0,https://cdn1.viettelstore.vn/Images/Product/ProductImage/664640501.jpeg
333,IPHONE SE,https://viettelstore.vn/dien-thoai/iphone-se-2022-64gb-pid289250.html,2,64,11490000,2022-11-27 15:15:57.192847,STARLIGHT,0,https://cdn1.viettelstore.vn/Images/Product/ProductImage/664640501.jpeg
334,IPHONE SE,https://viettelstore.vn/dien-thoai/iphone-se-2022-64gb-pid289250.html,2,64,11490000,2022-11-27 15:15:57.192847,MIDNIGHT,0,https://cdn1.viettelstore.vn/Images/Product/ProductImage/664640501.jpeg
335,IPHONE SE,https://viettelstore.vn/dien-thoai/iphone-se-2022-64gb-pid289250.html,2,128,unknown,2022-11-27 15:15:57.192847,RED,0,https://cdn1.viettelstore.vn/Images/Product/ProductImage/664640501.jpeg
336,IPHONE SE,https://viettelstore.vn/dien-thoai/iphone-se-2022-64gb-pid289250.html,2,128,unknown,2022-11-27 15:15:57.192847,STARLIGHT,0,https://cdn1.viettelstore.vn/Images/Product/ProductImage/664640501.jpeg
337,IPHONE SE,https://viettelstore.vn/dien-thoai/iphone-se-2022-64gb-pid289250.html,2,128,unknown,2022-11-27 15:15:57.192847,MIDNIGHT,0,https://cdn1.viettelstore.vn/Images/Product/ProductImage/664640501.jpeg
